product_title,product_url,brand,sales_price,mrp,discount_percent,number_of_ratings,number_of_reviews,type_of_oven,model_name,star_rating,capacity_litres
"IFB 23 L Convection Microwave Oven  (23SC3, Silver)",https://www.flipkart.com/ifb-23-l-convection-microwave-oven/p/itmdwmvzgvtbzcnz?pid=MRCDWK8TTHVHW3WY&lid=LSTMRCDWK8TTHVHW3WYAU7NOA&marketplace=FLIPKART&store=j9e%2Fm38%2Fo49&spotlightTagId=FkPickId_j9e%2Fm38%2Fo49&srno=b_1_1&otracker=browse&iid=4855a663-38ca-44f5-a486-471573cd493d.MRCDWK8TTHVHW3WY.SEARCH&ssid=me5nc1fnj40000001686492252251,IFB,9999,13990,28,61129,7271,Convection,23SC3,4.4,23
"SAMSUNG 28 L Convection & Grill Microwave Oven  (MC28A5013AK, Black)",https://www.flipkart.com/samsung-28-l-convection-grill-microwave-oven/p/itm16a0a01ca9e79?pid=MRCGDAVXGK9NZWNH&lid=LSTMRCGDAVXGK9NZWNHOOLC8U&marketplace=FLIPKART&store=j9e%2Fm38%2Fo49&srno=b_1_2&otracker=browse&iid=4855a663-38ca-44f5-a486-471573cd493d.MRCGDAVXGK9NZWNH.SEARCH&ssid=me5nc1fnj40000001686492252251,SAMSUNG,10499,15590,32,8742,833,Convection & Grill,MC28A5013AK,4.4,28
"IFB 20 L Grill Microwave Oven  (20PG4S, Metallic Silver)",https://www.flipkart.com/ifb-20-l-grill-microwave-oven/p/itmeftrwxravzfzf?pid=MRCEFTRWHGRWAXMT&lid=LSTMRCEFTRWHGRWAXMTQMHL9V&marketplace=FLIPKART&store=j9e%2Fm38%2Fo49&srno=b_1_3&otracker=browse&iid=4855a663-38ca-44f5-a486-471573cd493d.MRCEFTRWHGRWAXMT.SEARCH&ssid=me5nc1fnj40000001686492252251,IFB,7950,10290,22,673,65,Grill,20PG4S,4.3,20
"IFB 30 L Convection Microwave Oven  (MICRO WAVE OVEN 30FRC2, Black)",https://www.flipkart.com/ifb-30-l-convection-microwave-oven/p/itm934614bae0eae?pid=MRCEFTRWYHXDHPDA&lid=LSTMRCEFTRWYHXDHPDASMR2RU&marketplace=FLIPKART&store=j9e%2Fm38%2Fo49&srno=b_1_4&otracker=browse&iid=en_FeJTfpuX2I85Q8msQGYbwKArEgUzLIa8PhCHFYN1FgRFR7eJ1%2FqYvB%2BtrKmsbUw2G0lFIHDoGEr91KYFJIe51g%3D%3D&ssid=me5nc1fnj40000001686492252251,IFB,15990,19290,17,7351,749,Convection,MICRO WAVE OVEN 30FRC2,4.4,30
"BAJAJ 17 L Solo Microwave Oven  (1701MT, White)",https://www.flipkart.com/bajaj-17-l-solo-microwave-oven/p/itmdxecdsze7bu4h?pid=MRCDXECBDZA7ZZJP&lid=LSTMRCDXECBDZA7ZZJP3GEPSK&marketplace=FLIPKART&store=j9e%2Fm38%2Fo49&srno=b_1_5&otracker=browse&iid=4855a663-38ca-44f5-a486-471573cd493d.MRCDXECBDZA7ZZJP.SEARCH&ssid=me5nc1fnj40000001686492252251,BAJAJ,4899,6500,24,27654,3260,Solo,1701MT,4.3,17
"SAMSUNG 28 L Convection & Grill Microwave Oven  (CE1041DSB3, Black)",https://www.flipkart.com/samsung-28-l-convection-grill-microwave-oven/p/itmd3560dbb0da2f?pid=MRCGDAVXXBSZBGNG&lid=LSTMRCGDAVXXBSZBGNGZ1KJXA&marketplace=FLIPKART&store=j9e%2Fm38%2Fo49&srno=b_1_6&otracker=browse&iid=4855a663-38ca-44f5-a486-471573cd493d.MRCGDAVXXBSZBGNG.SEARCH&ssid=me5nc1fnj40000001686492252251,SAMSUNG,11499,16990,32,18578,1971,Convection & Grill,CE1041DSB3,4.4,28
"Panasonic 20 L Solo Microwave Oven  (NN-SM25JBFDG, Black)",https://www.flipkart.com/panasonic-20-l-solo-microwave-oven/p/itmb8693e45493f6?pid=MRCFTZ8E2AREQZZ4&lid=LSTMRCFTZ8E2AREQZZ4FDIDGI&marketplace=FLIPKART&store=j9e%2Fm38%2Fo49&srno=b_1_7&otracker=browse&iid=4855a663-38ca-44f5-a486-471573cd493d.MRCFTZ8E2AREQZZ4.SEARCH&ssid=me5nc1fnj40000001686492252251,Panasonic,5390,6790,20,2767,213,Solo,NN-SM25JBFDG,4.3,20
"IFB 30 L Oil free cooking microwave with steam clean Convection Microwave Oven  (30BC5, Black)",https://www.flipkart.com/ifb-30-l-oil-free-cooking-microwave-steam-clean-convection-oven/p/itmfhyzgaexgyxfa?pid=MRCFHYZGFYCJCJWG&lid=LSTMRCFHYZGFYCJCJWGJXUD8E&marketplace=FLIPKART&store=j9e%2Fm38%2Fo49&srno=b_1_8&otracker=browse&iid=en_FeJTfpuX2I85Q8msQGYbwKArEgUzLIa8PhCHFYN1FgRrZeBKXwqQ7L9bXYYlFDOPx6Dv8yOVSEOWEPhYNKzqHg%3D%3D&ssid=me5nc1fnj40000001686492252251,IFB,13790,17890,22,1285,111,Convection,30BC5,4.3,30
"IFB 30 L Convection Microwave Oven  (30BRC2, Black)",https://www.flipkart.com/ifb-30-l-convection-microwave-oven/p/itmeftrwhzzy5kyv?pid=MRCEFTRWADS3GCK4&lid=LSTMRCEFTRWADS3GCK4QK0J4B&marketplace=FLIPKART&store=j9e%2Fm38%2Fo49&srno=b_1_9&otracker=browse&iid=4855a663-38ca-44f5-a486-471573cd493d.MRCEFTRWADS3GCK4.SEARCH&ssid=me5nc1fnj40000001686492252251,IFB,14490,18890,23,61129,7271,Convection,30BRC2,4.4,30
"SAMSUNG 21 L Convection Microwave Oven  (CE73JD-B1/XTL, Black)",https://www.flipkart.com/samsung-21-l-convection-microwave-oven/p/itm8891a3360f67f?pid=MRCGDAVXQXUHAAHY&lid=LSTMRCGDAVXQXUHAAHYCEEAX9&marketplace=FLIPKART&store=j9e%2Fm38%2Fo49&srno=b_1_10&otracker=browse&iid=4855a663-38ca-44f5-a486-471573cd493d.MRCGDAVXQXUHAAHY.SEARCH&ssid=me5nc1fnj40000001686492252251,SAMSUNG,9990,12990,23,6786,755,Convection,CE73JD-B1/XTL,4.4,21
"BAJAJ 20 L Grill Microwave Oven  (2016 MTBX, Black)",https://www.flipkart.com/bajaj-20-l-grill-microwave-oven/p/itm438ef2e1e11e0?pid=MRCFYGF2XCGEQV6H&lid=LSTMRCFYGF2XCGEQV6HZJUVRI&marketplace=FLIPKART&store=j9e%2Fm38%2Fo49&srno=b_1_11&otracker=browse&iid=4855a663-38ca-44f5-a486-471573cd493d.MRCFYGF2XCGEQV6H.SEARCH&ssid=me5nc1fnj40000001686492252251,BAJAJ,5699,5995,4,5516,512,Grill,2016 MTBX,4.4,20
"IFB 30 L Metallic silver Convection Microwave Oven  (30SC4, Metallic Silver)",https://www.flipkart.com/ifb-30-l-metallic-silver-convection-microwave-oven/p/itmd607412b4f3e1?pid=MRCEF2ZSFDCNBPZ5&lid=LSTMRCEF2ZSFDCNBPZ5DCGSON&marketplace=FLIPKART&store=j9e%2Fm38%2Fo49&srno=b_1_12&otracker=browse&iid=en_FeJTfpuX2I85Q8msQGYbwKArEgUzLIa8PhCHFYN1FgQ%2BaOSyEQHKaPmEd4lsvtOzKV5%2FDqo081zXuxAZ22do4w%3D%3D&ssid=me5nc1fnj40000001686492252251,IFB,13490,16890,20,8244,1055,Convection,30SC4,4.3,30
"Panasonic 20 L Solo Microwave Oven  (NN-ST26JMFDG, Silver)",https://www.flipkart.com/panasonic-20-l-solo-microwave-oven/p/itm44af8460a2306?pid=MRCFTZ8EWHBBPCSC&lid=LSTMRCFTZ8EWHBBPCSC9AO4IF&marketplace=FLIPKART&store=j9e%2Fm38%2Fo49&srno=b_1_13&otracker=browse&iid=4855a663-38ca-44f5-a486-471573cd493d.MRCFTZ8EWHBBPCSC.SEARCH&ssid=me5nc1fnj40000001686492252251,Panasonic,5790,7490,22,1871,159,Solo,NN-ST26JMFDG,4.4,20
"LG 20 L Solo Microwave Oven  (MS2043BP, Black)",https://www.flipkart.com/lg-20-l-solo-microwave-oven/p/itmf3rygebb6pbk7?pid=MRCF2UQHF5FPDXGP&lid=LSTMRCF2UQHF5FPDXGPJIS1YS&marketplace=FLIPKART&store=j9e%2Fm38%2Fo49&srno=b_1_14&otracker=browse&iid=4855a663-38ca-44f5-a486-471573cd493d.MRCF2UQHF5FPDXGP.SEARCH&ssid=me5nc1fnj40000001686492252251,LG,6290,8199,23,7170,771,Solo,MS2043BP,4.3,20
"LG 20 L Grill Microwave Oven  (MH2044DB, Black)",https://www.flipkart.com/lg-20-l-grill-microwave-oven/p/itmdz5v2y3ckyu9y?pid=MRCDZ5VFHGD7F7UV&lid=LSTMRCDZ5VFHGD7F7UVRRJYI2&marketplace=FLIPKART&store=j9e%2Fm38%2Fo49&srno=b_1_15&otracker=browse&iid=4855a663-38ca-44f5-a486-471573cd493d.MRCDZ5VFHGD7F7UV.SEARCH&ssid=me5nc1fnj40000001686492252251,LG,7790,10199,23,2973,291,Grill,MH2044DB,4.3,20
"IFB 25 L Convection Microwave Oven  (25BC3, Black)",https://www.flipkart.com/ifb-25-l-convection-microwave-oven/p/itmdwmvzahezhscr?pid=MRCGHRCFQCBEJDKX&lid=LSTMRCGHRCFQCBEJDKXFD8RMD&marketplace=FLIPKART&store=j9e%2Fm38%2Fo49&srno=b_1_16&otracker=browse&iid=en_FeJTfpuX2I85Q8msQGYbwKArEgUzLIa8PhCHFYN1FgStFPtTxisgD1r3EyaQoqKJLkINx8Smwl%2F0GENKIvHcWA%3D%3D&ssid=me5nc1fnj40000001686492252251,IFB,12290,16190,24,18,4,Convection,25BC3,4.3,25
"LG 20 L Solo Microwave Oven  (MS2043DB.DB1QILN, Black)",https://www.flipkart.com/lg-20-l-solo-microwave-oven/p/itmec7c5082a9fc9?pid=MRCDZ5VFEZFH8WDN&lid=LSTMRCDZ5VFEZFH8WDNZ4WTS5&marketplace=FLIPKART&store=j9e%2Fm38%2Fo49&srno=b_1_17&otracker=browse&iid=4855a663-38ca-44f5-a486-471573cd493d.MRCDZ5VFEZFH8WDN.SEARCH&ssid=me5nc1fnj40000001686492252251,LG,6290,7899,20,3611,319,Solo,MS2043DB.DB1QILN,4.4,20
"Haier 20 L Solo Microwave Oven  (HIL2001MWPH, Black)",https://www.flipkart.com/haier-20-l-solo-microwave-oven/p/itm51b52d3e5381e?pid=MRCFJM39X9DGRCCM&lid=LSTMRCFJM39X9DGRCCM6GTFAX&marketplace=FLIPKART&store=j9e%2Fm38%2Fo49&srno=b_1_18&otracker=browse&iid=4855a663-38ca-44f5-a486-471573cd493d.MRCFJM39X9DGRCCM.SEARCH&ssid=me5nc1fnj40000001686492252251,Haier,4999,7999,37,1286,150,Solo,HIL2001MWPH,4.3,20
"IFB 20 L Solo Microwave Oven  (20PM-MEC2, White)",https://www.flipkart.com/ifb-20-l-solo-microwave-oven/p/itmb32d57970c78b?pid=MRCGBVSRDFEA8HHH&lid=LSTMRCGBVSRDFEA8HHHBQZM0F&marketplace=FLIPKART&store=j9e%2Fm38%2Fo49&srno=b_1_19&otracker=browse&iid=4855a663-38ca-44f5-a486-471573cd493d.MRCGBVSRDFEA8HHH.SEARCH&ssid=me5nc1fnj40000001686492252251,IFB,5990,7190,16,157,9,Solo,20PM-MEC2,4.5,20
"IFB 25 L Metallic silver Convection Microwave Oven  (25SC4, Metallic Silver)",https://www.flipkart.com/ifb-25-l-metallic-silver-convection-microwave-oven/p/itmef2zteehmrvwq?pid=MRCEF2ZS7FGDSYKM&lid=LSTMRCEF2ZS7FGDSYKMVZEENQ&marketplace=FLIPKART&store=j9e%2Fm38%2Fo49&srno=b_1_20&otracker=browse&iid=en_FeJTfpuX2I85Q8msQGYbwKArEgUzLIa8PhCHFYN1FgQCKfrUMo%2Fh%2Bfo7Who9ruQdR%2B8HzdecCdZ7Fh08ihn6lw%3D%3D&ssid=me5nc1fnj40000001686492252251,IFB,13490,16890,20,6671,823,Convection,25SC4,4.4,25
"IFB 20 L Solo Microwave Oven  (20PM-MEC2B, BLACK)",https://www.flipkart.com/ifb-20-l-solo-microwave-oven/p/itm44436cbe2eb7c?pid=MRCGA9TXFMKFG38U&lid=LSTMRCGA9TXFMKFG38UWM5ZP6&marketplace=FLIPKART&store=j9e%2Fm38%2Fo49&srno=b_1_21&otracker=browse&iid=4855a663-38ca-44f5-a486-471573cd493d.MRCGA9TXFMKFG38U.SEARCH&ssid=me5nc1fnj40000001686492252251,IFB,6290,7290,13,499,29,Solo,20PM-MEC2B,4.4,20
"LG 28 L Convection Microwave Oven  (MC2886BRUM, Black)",https://www.flipkart.com/lg-28-l-convection-microwave-oven/p/itmejy9afxsgvzvh?pid=MRCEJY9AF8FJRZTB&lid=LSTMRCEJY9AF8FJRZTB4QNSB9&marketplace=FLIPKART&store=j9e%2Fm38%2Fo49&srno=b_1_22&otracker=browse&iid=4855a663-38ca-44f5-a486-471573cd493d.MRCEJY9AF8FJRZTB.SEARCH&ssid=me5nc1fnj40000001686492252251,LG,15690,22099,29,3426,493,Convection,MC2886BRUM,4.4,28
"LG 28 L Convection Microwave Oven  (MC2846BG.DBKQILN, Black)",https://www.flipkart.com/lg-28-l-convection-microwave-oven/p/itmffd22683174de?pid=MRCF2UQHU8RQY4TT&lid=LSTMRCF2UQHU8RQY4TTTJVQFO&marketplace=FLIPKART&store=j9e%2Fm38%2Fo49&srno=b_1_23&otracker=browse&iid=4855a663-38ca-44f5-a486-471573cd493d.MRCF2UQHU8RQY4TT.SEARCH&ssid=me5nc1fnj40000001686492252251,LG,12690,16499,23,5321,589,Convection,MC2846BG.DBKQILN,4.4,28
"Whirlpool 20 L Solo Microwave Oven  (MAGICOOK PRO 20SE black, Black)",https://www.flipkart.com/whirlpool-20-l-solo-microwave-oven/p/itm55e37900bfc42?pid=MRCFHW7R6ZYZPPJT&lid=LSTMRCFHW7R6ZYZPPJTTT2WQW&marketplace=FLIPKART&store=j9e%2Fm38%2Fo49&srno=b_1_24&otracker=browse&iid=4855a663-38ca-44f5-a486-471573cd493d.MRCFHW7R6ZYZPPJT.SEARCH&ssid=me5nc1fnj40000001686492252251,Whirlpool,5950,7000,15,2213,182,Solo,MAGICOOK PRO 20SE black,4.2,20
"LG 28 L Convection Microwave Oven  (MC2886BPUM, Black)",https://www.flipkart.com/lg-28-l-convection-microwave-oven/p/itm990403bd4cb89?pid=MRCFUXWCZ4H5QE5D&lid=LSTMRCFUXWCZ4H5QE5DJPUJGX&marketplace=FLIPKART&store=j9e%2Fm38%2Fo49&srno=b_2_25&otracker=browse&iid=aac439a3-d32a-4f2c-99ae-81353a11fe39.MRCFUXWCZ4H5QE5D.SEARCH&ssid=wu09agxz9c0000001686492361328,LG,15499,21799,28,188,31,Convection,MC2886BPUM,4.6,28
"Panasonic 27 L Convection Microwave Oven  (NN-CT645BFDG, Black)",https://www.flipkart.com/panasonic-27-l-convection-microwave-oven/p/itmegz8zzy66feze?pid=MRCEGZ8Y8X6FNTQU&lid=LSTMRCEGZ8Y8X6FNTQUFO8MID&marketplace=FLIPKART&store=j9e%2Fm38%2Fo49&srno=b_2_26&otracker=browse&iid=aac439a3-d32a-4f2c-99ae-81353a11fe39.MRCEGZ8Y8X6FNTQU.SEARCH&ssid=wu09agxz9c0000001686492361328,Panasonic,11990,16190,25,1395,204,Convection,NN-CT645BFDG,4.4,27
"LG 21 L Convection Microwave Oven  (MC2146BV, Black)",https://www.flipkart.com/lg-21-l-convection-microwave-oven/p/itmew8zyhmdn8ezp?pid=MRCEW8ZYHPCUW8K9&lid=LSTMRCEW8ZYHPCUW8K9DL1ZHL&marketplace=FLIPKART&store=j9e%2Fm38%2Fo49&srno=b_2_27&otracker=browse&iid=aac439a3-d32a-4f2c-99ae-81353a11fe39.MRCEW8ZYHPCUW8K9.SEARCH&ssid=wu09agxz9c0000001686492361328,LG,10390,14499,28,2313,266,Convection,MC2146BV,4.4,21
"BAJAJ 23 L Convection & Grill Microwave Oven  (2310 ETC Convection Microwave Oven 23L, Black)",https://www.flipkart.com/bajaj-23-l-convection-grill-microwave-oven/p/itm12862b24c7eb2?pid=MRCG6FG9UHURMYDR&lid=LSTMRCG6FG9UHURMYDRWUNXC0&marketplace=FLIPKART&store=j9e%2Fm38%2Fo49&srno=b_2_29&otracker=browse&iid=aac439a3-d32a-4f2c-99ae-81353a11fe39.MRCG6FG9UHURMYDR.SEARCH&ssid=wu09agxz9c0000001686492361328,BAJAJ,9499,17775,46,202,24,Convection & Grill,2310 ETC Convection Microwave Oven 23L,4.4,23
"LG 28 L Convection Microwave Oven  (MJEN286UI, Black)",https://www.flipkart.com/lg-28-l-convection-microwave-oven/p/itm1a4135ec361fc?pid=MRCGGJFYW4GCSJBF&lid=LSTMRCGGJFYW4GCSJBFGJV1FA&marketplace=FLIPKART&store=j9e%2Fm38%2Fo49&srno=b_2_30&otracker=browse&iid=aac439a3-d32a-4f2c-99ae-81353a11fe39.MRCGGJFYW4GCSJBF.SEARCH&ssid=wu09agxz9c0000001686492361328,LG,20989,25499,17,4,0,Convection,MJEN286UI,4.0,28
"SAMSUNG 28 L Convection Microwave Oven  (MC28A5025VP, Black with Pattern)",https://www.flipkart.com/samsung-28-l-convection-microwave-oven/p/itm2f7daba92aca8?pid=MRCGDAVXZXKCNBB8&lid=LSTMRCGDAVXZXKCNBB8OD60YD&marketplace=FLIPKART&store=j9e%2Fm38%2Fo49&srno=b_2_31&otracker=browse&iid=aac439a3-d32a-4f2c-99ae-81353a11fe39.MRCGDAVXZXKCNBB8.SEARCH&ssid=wu09agxz9c0000001686492361328,SAMSUNG,14790,20990,29,603,50,Convection,MC28A5025VP,4.4,28
"IFB 20 L Metallic silver Convection Microwave Oven  (20SC2, Silver)",https://www.flipkart.com/ifb-20-l-metallic-silver-convection-microwave-oven/p/itmdwmvzxgbcdvg9?pid=MRCDWK8TMQCEGTYK&lid=LSTMRCDWK8TMQCEGTYKHQSFZU&marketplace=FLIPKART&store=j9e%2Fm38%2Fo49&srno=b_2_32&otracker=browse&iid=en_DgpJD1W6RdrPrj2GkXBdJ5TQWAYnDaxp9kOTHOAp%2FhZrGL5K1vv0w4QGDmKpwnAHPW1NikCnT72sTL553oaIPA%3D%3D&ssid=wu09agxz9c0000001686492361328,IFB,10690,13490,20,9964,1228,Convection,20SC2,4.4,20
"LG 28 L Convection Microwave Oven  (MC2846SL, Silver)",https://www.flipkart.com/lg-28-l-convection-microwave-oven/p/itmejy9azg8a4u9g?pid=MRCEJY9AMKNNGJ8Z&lid=LSTMRCEJY9AMKNNGJ8ZGMNORW&marketplace=FLIPKART&store=j9e%2Fm38%2Fo49&srno=b_2_33&otracker=browse&iid=aac439a3-d32a-4f2c-99ae-81353a11fe39.MRCEJY9AMKNNGJ8Z.SEARCH&ssid=wu09agxz9c0000001686492361328,LG,12990,17699,26,3992,501,Convection,MC2846SL,4.4,28
"SAMSUNG 28 L Convection Microwave Oven  (MC28A5145VK/TL, Black)",https://www.flipkart.com/samsung-28-l-convection-microwave-oven/p/itmefcf22843baf0?pid=MRCG6M25YPKPANE3&lid=LSTMRCG6M25YPKPANE3D496SF&marketplace=FLIPKART&store=j9e%2Fm38%2Fo49&srno=b_2_34&otracker=browse&iid=aac439a3-d32a-4f2c-99ae-81353a11fe39.MRCG6M25YPKPANE3.SEARCH&ssid=wu09agxz9c0000001686492361328,SAMSUNG,16600,18952,12,49,1,Convection,MC28A5145VK/TL,4.2,28
"LG 28 L Convection Microwave Oven  (MC2886BLT, Black)",https://www.flipkart.com/lg-28-l-convection-microwave-oven/p/itmc09c38da1a784?pid=MRCFKRJ9PEH7KZGG&lid=LSTMRCFKRJ9PEH7KZGGTWMM3X&marketplace=FLIPKART&store=j9e%2Fm38%2Fo49&srno=b_2_35&otracker=browse&iid=aac439a3-d32a-4f2c-99ae-81353a11fe39.MRCFKRJ9PEH7KZGG.SEARCH&ssid=wu09agxz9c0000001686492361328,LG,12499,17990,30,60,5,Convection,MC2886BLT,4.2,28
"SAMSUNG 23 L Solo Microwave Oven  (MS23J5133AG/TL, Black)",https://www.flipkart.com/samsung-23-l-solo-microwave-oven/p/itmf65nfecd5gtwd?pid=MRCF65NFUZGT4FYN&lid=LSTMRCF65NFUZGT4FYN3YED4D&marketplace=FLIPKART&store=j9e%2Fm38%2Fo49&srno=b_2_38&otracker=browse&iid=aac439a3-d32a-4f2c-99ae-81353a11fe39.MRCF65NFUZGT4FYN.SEARCH&ssid=wu09agxz9c0000001686492361328,SAMSUNG,7290,7990,8,8378,753,Solo,MS23J5133AG/TL,4.3,23
"MarQ by Flipkart 23 L Top Down Door with Low-Calorie Fry Convection Convection Microwave Oven  (23BMWCMQB, Black)",https://www.flipkart.com/marq-flipkart-23-l-top-down-door-low-calorie-fry-convection-microwave-oven/p/itm08ac83beac7db?pid=MRCGYYYEZAYZQRHJ&lid=LSTMRCGYYYEZAYZQRHJMKBAJS&marketplace=FLIPKART&store=j9e%2Fm38%2Fo49&srno=b_2_39&otracker=browse&iid=aac439a3-d32a-4f2c-99ae-81353a11fe39.MRCGYYYEZAYZQRHJ.SEARCH&ssid=wu09agxz9c0000001686492361328,MarQ by Flipkart,7999,15299,47,253,26,Convection,23BMWCMQB,4.2,23
"Panasonic 20 L Grill Microwave Oven  (NN-GT221WFDG, White)",https://www.flipkart.com/panasonic-20-l-grill-microwave-oven/p/itmdwdmnahzgxvyh?pid=MRCDWBZXF5ENWDZB&lid=LSTMRCDWBZXF5ENWDZBLKNYQ5&marketplace=FLIPKART&store=j9e%2Fm38%2Fo49&srno=b_2_41&otracker=browse&iid=aac439a3-d32a-4f2c-99ae-81353a11fe39.MRCDWBZXF5ENWDZB.SEARCH&ssid=wu09agxz9c0000001686492361328,Panasonic,8390,9590,12,1108,116,Grill,NN-GT221WFDG,4.4,20
"LG 20 L Grill Microwave Oven  (MH2044BP, Black)",https://www.flipkart.com/lg-20-l-grill-microwave-oven/p/itmab0c4416b506d?pid=MRCG6687ADGYQ2HH&lid=LSTMRCG6687ADGYQ2HHQCIO6C&marketplace=FLIPKART&store=j9e%2Fm38%2Fo49&srno=b_2_42&otracker=browse&iid=aac439a3-d32a-4f2c-99ae-81353a11fe39.MRCG6687ADGYQ2HH.SEARCH&ssid=wu09agxz9c0000001686492361328,LG,7590,10699,29,2973,291,Grill,MH2044BP,4.3,20
"Whirlpool 24 L Convection Microwave Oven  (Magicook Pro 26CE, Black)",https://www.flipkart.com/whirlpool-24-l-convection-microwave-oven/p/itm5885622459bcb?pid=MRCFVGQ7TCEHYPA2&lid=LSTMRCFVGQ7TCEHYPA2JEMDPL&marketplace=FLIPKART&store=j9e%2Fm38%2Fo49&srno=b_2_43&otracker=browse&iid=aac439a3-d32a-4f2c-99ae-81353a11fe39.MRCFVGQ7TCEHYPA2.SEARCH&ssid=wu09agxz9c0000001686492361328,Whirlpool,11690,16770,30,401,35,Convection,Magicook Pro 26CE,4.2,24
"IFB 23 L Convection Microwave Oven  (23BC4, Black)",https://www.flipkart.com/ifb-23-l-convection-microwave-oven/p/itmef2ztequxvqa9?pid=MRCEF2ZSTQU9QBHT&lid=LSTMRCEF2ZSTQU9QBHTAJ9ZZA&marketplace=FLIPKART&store=j9e%2Fm38%2Fo49&srno=b_2_45&otracker=browse&iid=aac439a3-d32a-4f2c-99ae-81353a11fe39.MRCEF2ZSTQU9QBHT.SEARCH&ssid=wu09agxz9c0000001686492361328,IFB,12599,15990,21,7788,987,Convection,23BC4,4.4,23
"Whirlpool 25 L Convection Microwave Oven  (GT-288 (25 L Jet Crisp), Black)",https://www.flipkart.com/whirlpool-25-l-convection-microwave-oven/p/itme3g39wakhht92?pid=MRCE3G37W4GAWJP2&lid=LSTMRCE3G37W4GAWJP2UHRWTS&marketplace=FLIPKART&store=j9e%2Fm38%2Fo49&srno=b_2_47&otracker=browse&iid=aac439a3-d32a-4f2c-99ae-81353a11fe39.MRCE3G37W4GAWJP2.SEARCH&ssid=wu09agxz9c0000001686492361328,Whirlpool,10999,15140,27,146,23,Convection,GT-288 (25 L Jet Crisp),4.1,25
"Whirlpool 30 L Convection Microwave Oven  (Magicook Pro 32CE, Black)",https://www.flipkart.com/whirlpool-30-l-convection-microwave-oven/p/itma00245a07a930?pid=MRCFVGQ74HTBPNXK&lid=LSTMRCFVGQ74HTBPNXKXMBOGX&marketplace=FLIPKART&store=j9e%2Fm38%2Fo49&srno=b_3_50&otracker=browse&iid=58bb5f6e-b434-4d1a-ba75-706737a29197.MRCFVGQ74HTBPNXK.SEARCH&ssid=kcdjifkahs0000001686492470086,Whirlpool,12990,19500,33,1308,142,Convection,Magicook Pro 32CE,4.3,30
"SAMSUNG 28 L Convection Microwave Oven  (MC28M6036CC, Black)",https://www.flipkart.com/samsung-28-l-convection-microwave-oven/p/itm41fd60ceba3ef?pid=MRCFMTCMRHU2NYTZ&lid=LSTMRCFMTCMRHU2NYTZLIOUR9&marketplace=FLIPKART&store=j9e%2Fm38%2Fo49&srno=b_3_51&otracker=browse&iid=58bb5f6e-b434-4d1a-ba75-706737a29197.MRCFMTCMRHU2NYTZ.SEARCH&ssid=kcdjifkahs0000001686492470086,SAMSUNG,18750,23500,20,75,10,Convection,MC28M6036CC,4.3,28
"IFB 20 L Convection Microwave Oven  (20BC5, Black)",https://www.flipkart.com/ifb-20-l-convection-microwave-oven/p/itmfhyzgvzdkspzc?pid=MRCFHYZGTYYU6DAC&lid=LSTMRCFHYZGTYYU6DACNKPA4R&marketplace=FLIPKART&store=j9e%2Fm38%2Fo49&srno=b_3_53&otracker=browse&iid=58bb5f6e-b434-4d1a-ba75-706737a29197.MRCFHYZGTYYU6DAC.SEARCH&ssid=kcdjifkahs0000001686492470086,IFB,11499,13390,14,119,15,Convection,20BC5,4.4,20
"Whirlpool 20 L Solo Microwave Oven  (MAGICOOK PRO 20SM BLACK, Black)",https://www.flipkart.com/whirlpool-20-l-solo-microwave-oven/p/itmeb6977686f277?pid=MRCFHW7RKVG2ZMCZ&lid=LSTMRCFHW7RKVG2ZMCZNCTEJS&marketplace=FLIPKART&store=j9e%2Fm38%2Fo49&srno=b_3_54&otracker=browse&iid=58bb5f6e-b434-4d1a-ba75-706737a29197.MRCFHW7RKVG2ZMCZ.SEARCH&ssid=kcdjifkahs0000001686492470086,Whirlpool,5999,7500,20,501,57,Solo,MAGICOOK PRO 20SM BLACK,4.3,20
"Haier 30 L Convection Microwave Oven  (HIL3001CBSH, Black)",https://www.flipkart.com/haier-30-l-convection-microwave-oven/p/itmf19d876cddd49?pid=MRCFSZPT2HGHMW35&lid=LSTMRCFSZPT2HGHMW35MOTWJW&marketplace=FLIPKART&store=j9e%2Fm38%2Fo49&srno=b_3_55&otracker=browse&iid=58bb5f6e-b434-4d1a-ba75-706737a29197.MRCFSZPT2HGHMW35.SEARCH&ssid=kcdjifkahs0000001686492470086,Haier,15490,23999,35,121,14,Convection,HIL3001CBSH,4.5,30
"BAJAJ 20 L Grill Microwave Oven  (2005ETB, White)",https://www.flipkart.com/bajaj-20-l-grill-microwave-oven/p/itmdxecdgckfhf2g?pid=MRCDXECBFQG8UDFJ&lid=LSTMRCDXECBFQG8UDFJSY07B5&marketplace=FLIPKART&store=j9e%2Fm38%2Fo49&srno=b_3_57&otracker=browse&iid=58bb5f6e-b434-4d1a-ba75-706737a29197.MRCDXECBFQG8UDFJ.SEARCH&ssid=kcdjifkahs0000001686492470086,BAJAJ,7790,10040,22,5559,683,Grill,2005ETB,4.2,20
"IFB 25 L Convection Microwave Oven  (25BC4, Black)",https://www.flipkart.com/ifb-25-l-convection-microwave-oven/p/itmef2ztgtew4cnz?pid=MRCEF2ZSV7RPRVHK&lid=LSTMRCEF2ZSV7RPRVHKS8MD9S&marketplace=FLIPKART&store=j9e%2Fm38%2Fo49&srno=b_3_58&otracker=browse&iid=58bb5f6e-b434-4d1a-ba75-706737a29197.MRCEF2ZSV7RPRVHK.SEARCH&ssid=kcdjifkahs0000001686492470086,IFB,13300,17890,25,1344,156,Convection,25BC4,4.4,25
"SAMSUNG 28 L Convection & Grill Microwave Oven  (MC28H5025VR, Black)",https://www.flipkart.com/samsung-28-l-convection-grill-microwave-oven/p/itmc6cc053cb0d63?pid=MRCGAPRHQP3FVASF&lid=LSTMRCGAPRHQP3FVASFKZR1AT&marketplace=FLIPKART&store=j9e%2Fm38%2Fo49&srno=b_3_59&otracker=browse&iid=58bb5f6e-b434-4d1a-ba75-706737a29197.MRCGAPRHQP3FVASF.SEARCH&ssid=kcdjifkahs0000001686492470086,SAMSUNG,15990,20990,23,13,0,Convection & Grill,MC28H5025VR,4.0,28
"SAMSUNG 32 L Convection & Grill Microwave Oven  (MC32A7035CT, Silver)",https://www.flipkart.com/samsung-32-l-convection-grill-microwave-oven/p/itm97bf1ebbfcd96?pid=MRWGB542CGFFDBFD&lid=LSTMRWGB542CGFFDBFDBXSQUY&marketplace=FLIPKART&store=j9e%2Fm38%2Fo49&srno=b_3_61&otracker=browse&iid=58bb5f6e-b434-4d1a-ba75-706737a29197.MRWGB542CGFFDBFD.SEARCH&ssid=kcdjifkahs0000001686492470086,SAMSUNG,16990,20000,15,2706,317,Convection & Grill,MC32A7035CT,4.4,32
"Panasonic 23 L Convection Microwave Oven  (NN-CT353BFDG, Black Mirror)",https://www.flipkart.com/panasonic-23-l-convection-microwave-oven/p/itmdwdmnwugfruzy?pid=MRCDWBZX3ZFSPSGH&lid=LSTMRCDWBZX3ZFSPSGHMPZYWZ&marketplace=FLIPKART&store=j9e%2Fm38%2Fo49&srno=b_3_62&otracker=browse&iid=58bb5f6e-b434-4d1a-ba75-706737a29197.MRCDWBZX3ZFSPSGH.SEARCH&ssid=kcdjifkahs0000001686492470086,Panasonic,10790,14590,26,1473,173,Convection,NN-CT353BFDG,4.4,23
"Panasonic 23 L Convection & Grill Microwave Oven  (NN-CT35MBFDG, SILVER)",https://www.flipkart.com/panasonic-23-l-convection-grill-microwave-oven/p/itm15cb5e41b03f3?pid=MRCGGHHXQUXUNZWE&lid=LSTMRCGGHHXQUXUNZWE95LKLX&marketplace=FLIPKART&store=j9e%2Fm38%2Fo49&srno=b_3_63&otracker=browse&iid=58bb5f6e-b434-4d1a-ba75-706737a29197.MRCGGHHXQUXUNZWE.SEARCH&ssid=kcdjifkahs0000001686492470086,Panasonic,11249,15290,26,,,Convection & Grill,NN-CT35MBFDG,3.8,23
"SAMSUNG 28 L Convection Microwave Oven  (MC28A6036QK, Black)",https://www.flipkart.com/samsung-28-l-convection-microwave-oven/p/itmfeef30f5b4fd8?pid=MRCGBTMZF3UFWQEA&lid=LSTMRCGBTMZF3UFWQEAYGASI9&marketplace=FLIPKART&store=j9e%2Fm38%2Fo49&srno=b_3_65&otracker=browse&iid=58bb5f6e-b434-4d1a-ba75-706737a29197.MRCGBTMZF3UFWQEA.SEARCH&ssid=kcdjifkahs0000001686492470086,SAMSUNG,17250,20300,15,,,Convection,MC28A6036QK,4.7,28
"Voltas Beko 20 L Convection Microwave Oven  (MC20SD, Silver)",https://www.flipkart.com/voltas-beko-20-l-convection-microwave-oven/p/itm7b8deb2d461e9?pid=MRCFZDVVGEG3ZEQB&lid=LSTMRCFZDVVGEG3ZEQBQ7MASH&marketplace=FLIPKART&store=j9e%2Fm38%2Fo49&srno=b_3_66&otracker=browse&iid=58bb5f6e-b434-4d1a-ba75-706737a29197.MRCFZDVVGEG3ZEQB.SEARCH&ssid=kcdjifkahs0000001686492470086,Voltas Beko,8339,12990,35,22,2,Convection,MC20SD,3.8,20
"ONIDA 23 L Air Fryer Convection Microwave Oven  (MO23CJS11BN, Black)",https://www.flipkart.com/onida-23-l-air-fryer-convection-microwave-oven/p/itmf3rtz97jrknss?pid=MRCFHHWDEYGERJKF&lid=LSTMRCFHHWDEYGERJKFS0NR7U&marketplace=FLIPKART&store=j9e%2Fm38%2Fo49&srno=b_3_67&otracker=browse&iid=58bb5f6e-b434-4d1a-ba75-706737a29197.MRCFHHWDEYGERJKF.SEARCH&ssid=kcdjifkahs0000001686492470086,ONIDA,8990,12360,27,2683,399,Convection,MO23CJS11BN,4.2,23
"LG 28 L Convection Microwave Oven  (MC2886BHT, BLACK)",https://www.flipkart.com/lg-28-l-convection-microwave-oven/p/itmcab59590c7af4?pid=MRCG8X8ETJEE9KS6&lid=LSTMRCG8X8ETJEE9KS6KCZVPI&marketplace=FLIPKART&store=j9e%2Fm38%2Fo49&srno=b_3_69&otracker=browse&iid=58bb5f6e-b434-4d1a-ba75-706737a29197.MRCG8X8ETJEE9KS6.SEARCH&ssid=kcdjifkahs0000001686492470086,LG,16199,19099,15,18,1,Convection,MC2886BHT,4.2,28
"Haier 25 L Convection Microwave Oven  (HIL2501CBSH, Black)",https://www.flipkart.com/haier-25-l-convection-microwave-oven/p/itmb7f534cf6ab31?pid=MRCFJM3934TAZYGT&lid=LSTMRCFJM3934TAZYGTCNR98Z&marketplace=FLIPKART&store=j9e%2Fm38%2Fo49&srno=b_3_70&otracker=browse&iid=58bb5f6e-b434-4d1a-ba75-706737a29197.MRCFJM3934TAZYGT.SEARCH&ssid=kcdjifkahs0000001686492470086,Haier,13200,18999,30,,,Convection,HIL2501CBSH,4.9,25
"LG 32 L Convection Microwave Oven  (MC3286BLT, Black)",https://www.flipkart.com/lg-32-l-convection-microwave-oven/p/itmegvvbghgbw6kf?pid=MRCEGVVBSGYFZ4FN&lid=LSTMRCEGVVBSGYFZ4FNUXUUI7&marketplace=FLIPKART&store=j9e%2Fm38%2Fo49&srno=b_3_71&otracker=browse&iid=58bb5f6e-b434-4d1a-ba75-706737a29197.MRCEGVVBSGYFZ4FN.SEARCH&ssid=kcdjifkahs0000001686492470086,LG,15999,21999,27,468,52,Convection,MC3286BLT,4.4,32
"LG 28 L Convection Microwave Oven  (MJ2887BFUM, Black)",https://www.flipkart.com/lg-28-l-convection-microwave-oven/p/itm28dfb40840569?pid=MRCG93YXHVASJAMG&lid=LSTMRCG93YXHVASJAMGB09QMD&marketplace=FLIPKART&store=j9e%2Fm38%2Fo49&srno=b_4_73&otracker=browse&iid=86fffc59-4a84-4f8f-b206-016b4bf2f2b5.MRCG93YXHVASJAMG.SEARCH&ssid=wxj1iu82wg0000001686492612205,LG,18290,23999,23,40,2,Convection,MJ2887BFUM,4.4,28
"SAMSUNG 21 L Convection Microwave Oven  (CE77JD-QB/TL, Black)",https://www.flipkart.com/samsung-21-l-convection-microwave-oven/p/itmfyxtwtycuuhbj?pid=MRCEYFU68WZK4D8H&lid=LSTMRCEYFU68WZK4D8HCQB4LQ&marketplace=FLIPKART&store=j9e%2Fm38%2Fo49&srno=b_4_74&otracker=browse&iid=86fffc59-4a84-4f8f-b206-016b4bf2f2b5.MRCEYFU68WZK4D8H.SEARCH&ssid=wxj1iu82wg0000001686492612205,SAMSUNG,13200,17090,22,28,1,Convection,CE77JD-QB/TL,4.0,21
"Godrej 28 L Convection Microwave Oven  (GME 728 CF1 PM, Golden Rose)",https://www.flipkart.com/godrej-28-l-convection-microwave-oven/p/itmf8r27jzcykuxh?pid=MRCF8R276VZQ3MQP&lid=LSTMRCF8R276VZQ3MQP7PPEIV&marketplace=FLIPKART&store=j9e%2Fm38%2Fo49&srno=b_4_75&otracker=browse&iid=86fffc59-4a84-4f8f-b206-016b4bf2f2b5.MRCF8R276VZQ3MQP.SEARCH&ssid=wxj1iu82wg0000001686492612205,Godrej,14299,17919,20,54,14,Convection,GME 728 CF1 PM,4.1,28
"BAJAJ 23 L Convection Microwave Oven  (2310ETC, Black)",https://www.flipkart.com/bajaj-23-l-convection-microwave-oven/p/itmdxecdmq53qrsz?pid=MRCDXECBH5C7CYD8&lid=LSTMRCDXECBH5C7CYD89M2ETN&marketplace=FLIPKART&store=j9e%2Fm38%2Fo49&srno=b_4_77&otracker=browse&iid=86fffc59-4a84-4f8f-b206-016b4bf2f2b5.MRCDXECBH5C7CYD8.SEARCH&ssid=wxj1iu82wg0000001686492612205,BAJAJ,11699,12000,2,188,33,Convection,2310ETC,4.3,23
"MarQ by Flipkart 28 L Low-Cal Fry Convection Microwave Oven  (28AMWCMQB, Black)",https://www.flipkart.com/marq-flipkart-28-l-low-cal-fry-convection-microwave-oven/p/itm2813f7331ee3f?pid=MRCFQEBQKXGSCTHB&lid=LSTMRCFQEBQKXGSCTHB4TQGPZ&marketplace=FLIPKART&store=j9e%2Fm38%2Fo49&srno=b_4_78&otracker=browse&iid=86fffc59-4a84-4f8f-b206-016b4bf2f2b5.MRCFQEBQKXGSCTHB.SEARCH&ssid=wxj1iu82wg0000001686492612205,MarQ by Flipkart,6999,11899,41,496,62,Convection,28AMWCMQB,4.2,28
"MarQ by Flipkart 30 L with 200 Auto Cook Menus Convection Microwave Oven  (AC930AHY-ST / AC930AHY-S, Black, Silver)",https://www.flipkart.com/marq-flipkart-30-l-200-auto-cook-menus-convection-microwave-oven/p/itm7ea7d2d84f14f?pid=MRCFH4YHYX7GAD4E&lid=LSTMRCFH4YHYX7GAD4EQHVSRM&marketplace=FLIPKART&store=j9e%2Fm38%2Fo49&srno=b_4_79&otracker=browse&iid=86fffc59-4a84-4f8f-b206-016b4bf2f2b5.MRCFH4YHYX7GAD4E.SEARCH&ssid=wxj1iu82wg0000001686492612205,MarQ by Flipkart,10999,11999,8,1861,286,Convection,AC930AHY-ST / AC930AHY-S,4.3,30
"LG 28 L Convection Microwave Oven  (MC2886BFUM, Black)",https://www.flipkart.com/lg-28-l-convection-microwave-oven/p/itmew8zypkagyh5g?pid=MRCEW8ZYTXMXTDHS&lid=LSTMRCEW8ZYTXMXTDHS3HWS6D&marketplace=FLIPKART&store=j9e%2Fm38%2Fo49&srno=b_4_81&otracker=browse&iid=86fffc59-4a84-4f8f-b206-016b4bf2f2b5.MRCEW8ZYTXMXTDHS.SEARCH&ssid=wxj1iu82wg0000001686492612205,LG,15390,19690,21,382,36,Convection,MC2886BFUM,4.5,28
"BAJAJ 20 L Solo Microwave Oven  (20 MT DLX, BLACK)",https://www.flipkart.com/bajaj-20-l-solo-microwave-oven/p/itm7d1feaac6300e?pid=MRCGA7ZJYYC5WGFG&lid=LSTMRCGA7ZJYYC5WGFG6SLNKB&marketplace=FLIPKART&store=j9e%2Fm38%2Fo49&srno=b_4_82&otracker=browse&iid=86fffc59-4a84-4f8f-b206-016b4bf2f2b5.MRCGA7ZJYYC5WGFG.SEARCH&ssid=wxj1iu82wg0000001686492612205,BAJAJ,7274,10000,27,3,0,Solo,20 MT DLX,5.0,20
"Voltas Beko 20 L Solo Microwave Oven  (MS20MPW, White)",https://www.flipkart.com/voltas-beko-20-l-solo-microwave-oven/p/itmde4ce5de50ac7?pid=MRCG6F5ZTYYQGD8U&lid=LSTMRCG6F5ZTYYQGD8UPSEDAE&marketplace=FLIPKART&store=j9e%2Fm38%2Fo49&srno=b_4_83&otracker=browse&iid=86fffc59-4a84-4f8f-b206-016b4bf2f2b5.MRCG6F5ZTYYQGD8U.SEARCH&ssid=wxj1iu82wg0000001686492612205,Voltas Beko,5000,6890,27,22,2,Solo,MS20MPW,4.2,20
"LG 32 L Convection Microwave Oven  (MJEN326UH, Black)",https://www.flipkart.com/lg-32-l-convection-microwave-oven/p/itm91d2bf0ead978?pid=MRCFMKHWCHNHWBDY&lid=LSTMRCFMKHWCHNHWBDY9MECIC&marketplace=FLIPKART&store=j9e%2Fm38%2Fo49&srno=b_4_85&otracker=browse&iid=86fffc59-4a84-4f8f-b206-016b4bf2f2b5.MRCFMKHWCHNHWBDY.SEARCH&ssid=wxj1iu82wg0000001686492612205,LG,23939,28700,16,200,17,Convection,MJEN326UH,4.5,32
"SAMSUNG 21 L Convection Microwave Oven  (CE76JD-B1/XTL, Black)",https://www.flipkart.com/samsung-21-l-convection-microwave-oven/p/itmfef1bba942fd9?pid=MRCGJZYUKXYHUVB6&lid=LSTMRCGJZYUKXYHUVB6YIMBTX&marketplace=FLIPKART&store=j9e%2Fm38%2Fo49&srno=b_4_86&otracker=browse&iid=86fffc59-4a84-4f8f-b206-016b4bf2f2b5.MRCGJZYUKXYHUVB6.SEARCH&ssid=wxj1iu82wg0000001686492612205,SAMSUNG,11790,14590,19,,,Convection,CE76JD-B1/XTL,4.4,21
"Whirlpool 20 L Convection Microwave Oven  (Magicook Pro 22CE, Black)",https://www.flipkart.com/whirlpool-20-l-convection-microwave-oven/p/itm8aeca5b67fb09?pid=MRCFVGQ78ZCDSZPY&lid=LSTMRCFVGQ78ZCDSZPYKOYFUQ&marketplace=FLIPKART&store=j9e%2Fm38%2Fo49&srno=b_4_87&otracker=browse&iid=86fffc59-4a84-4f8f-b206-016b4bf2f2b5.MRCFVGQ78ZCDSZPY.SEARCH&ssid=wxj1iu82wg0000001686492612205,Whirlpool,9990,15050,33,544,44,Convection,Magicook Pro 22CE,4.2,20
"BAJAJ 25 L Convection Microwave Oven  (2504ETC, Silver Grey)",https://www.flipkart.com/bajaj-25-l-convection-microwave-oven/p/itmdxecddzedgxuf?pid=MRCDXECBJVZ6UMUH&lid=LSTMRCDXECBJVZ6UMUH316VZA&marketplace=FLIPKART&store=j9e%2Fm38%2Fo49&srno=b_4_89&otracker=browse&iid=86fffc59-4a84-4f8f-b206-016b4bf2f2b5.MRCDXECBJVZ6UMUH.SEARCH&ssid=wxj1iu82wg0000001686492612205,BAJAJ,9199,10450,11,348,41,Convection,2504ETC,4.3,25
"BAJAJ 17 L Solo Microwave Oven  (1701 MT Dlx, Black)",https://www.flipkart.com/bajaj-17-l-solo-microwave-oven/p/itmf37a4uzph3mgs?pid=MRCF36ZBG6KA7VVA&lid=LSTMRCF36ZBG6KA7VVA9JIKW3&marketplace=FLIPKART&store=j9e%2Fm38%2Fo49&srno=b_4_90&otracker=browse&iid=86fffc59-4a84-4f8f-b206-016b4bf2f2b5.MRCF36ZBG6KA7VVA.SEARCH&ssid=wxj1iu82wg0000001686492612205,BAJAJ,6275,6565,4,206,18,Solo,1701 MT Dlx,4.4,17
"SAMSUNG 23 L Baker Series Grill Microwave Oven with Crusty Plate  (MG23T5012CK/TL, Black)",https://www.flipkart.com/samsung-23-l-baker-series-grill-microwave-oven-crusty-plate/p/itmd0f297876d07f?pid=MRCFY9G7URSAXCFC&lid=LSTMRCFY9G7URSAXCFCW9IRPY&marketplace=FLIPKART&store=j9e%2Fm38%2Fo49&srno=b_4_91&otracker=browse&iid=86fffc59-4a84-4f8f-b206-016b4bf2f2b5.MRCFY9G7URSAXCFC.SEARCH&ssid=wxj1iu82wg0000001686492612205,SAMSUNG,11090,13490,17,222,14,Grill,MG23T5012CK/TL,3.9,23
"SAMSUNG 32 L Convection Microwave Oven  (CE117PC-B3/XTL, Black)",https://www.flipkart.com/samsung-32-l-convection-microwave-oven/p/itm78573950fdeeb?pid=MRCGMEHV9VAYMAK3&lid=LSTMRCGMEHV9VAYMAK3YDOLDZ&marketplace=FLIPKART&store=j9e%2Fm38%2Fo49&srno=b_4_94&otracker=browse&iid=86fffc59-4a84-4f8f-b206-016b4bf2f2b5.MRCGMEHV9VAYMAK3.SEARCH&ssid=wxj1iu82wg0000001686492612205,SAMSUNG,17700,24990,29,,,Convection,CE117PC-B3/XTL,4.7,32
"SAMSUNG 28 L Convection Microwave Oven  (MC28H5025VR, Black with Delight Red)",https://www.flipkart.com/samsung-28-l-convection-microwave-oven/p/itmc6cc053cb0d63?pid=MRCGAPJQDDGQXE92&lid=LSTMRCGAPJQDDGQXE921TG7OW&marketplace=FLIPKART&store=j9e%2Fm38%2Fo49&srno=b_4_95&otracker=browse&iid=86fffc59-4a84-4f8f-b206-016b4bf2f2b5.MRCGAPJQDDGQXE92.SEARCH&ssid=wxj1iu82wg0000001686492612205,SAMSUNG,15900,20990,24,13,0,Convection,MC28H5025VR,4.0,28
"IFB 23 L Convection Microwave Oven  (23BC5, Black)",https://www.flipkart.com/ifb-23-l-convection-microwave-oven/p/itmfhyzgpkmup5wc?pid=MRCFHYZG8BGAP6CY&lid=LSTMRCFHYZG8BGAP6CYJX9IVB&marketplace=FLIPKART&store=j9e%2Fm38%2Fo49&srno=b_5_97&otracker=browse&iid=00eaaf08-c24d-4981-98a4-066828159a82.MRCFHYZG8BGAP6CY.SEARCH&ssid=a3sm5w9akg0000001686492761426,IFB,12300,16290,24,35,3,Convection,23BC5,4.4,23
"LG 28 L Convection Microwave Oven  (MJEN286UF, Black)",https://www.flipkart.com/lg-28-l-convection-microwave-oven/p/itm608c84812aab5?pid=MRCGA84FSH7RXFMM&lid=LSTMRCGA84FSH7RXFMMCZK8GD&marketplace=FLIPKART&store=j9e%2Fm38%2Fo49&srno=b_5_98&otracker=browse&iid=00eaaf08-c24d-4981-98a4-066828159a82.MRCGA84FSH7RXFMM.SEARCH&ssid=a3sm5w9akg0000001686492761426,LG,21159,25999,18,9,1,Convection,MJEN286UF,4.7,28
"Voltas Beko 17 L Solo Microwave Oven  (MS17WM, WHITE)",https://www.flipkart.com/voltas-beko-17-l-solo-microwave-oven/p/itmf02d100576c08?pid=MRCG6F6JHYQFZAPJ&lid=LSTMRCG6F6JHYQFZAPJ5HSZQD&marketplace=FLIPKART&store=j9e%2Fm38%2Fo49&srno=b_5_99&otracker=browse&iid=00eaaf08-c24d-4981-98a4-066828159a82.MRCG6F6JHYQFZAPJ.SEARCH&ssid=a3sm5w9akg0000001686492761426,Voltas Beko,5689,6590,13,38,5,Solo,MS17WM,4.1,17
"SAMSUNG 21 L Convection Microwave Oven  (CE76JD-M/TL, Mirror Black)",https://www.flipkart.com/samsung-21-l-convection-microwave-oven/p/itmeyhej4sagn3h2?pid=MRCEYHEJCTAZ5HTE&lid=LSTMRCEYHEJCTAZ5HTEERS4BJ&marketplace=FLIPKART&store=j9e%2Fm38%2Fo49&srno=b_5_101&otracker=browse&iid=00eaaf08-c24d-4981-98a4-066828159a82.MRCEYHEJCTAZ5HTE.SEARCH&ssid=a3sm5w9akg0000001686492761426,SAMSUNG,12286,14290,14,42,8,Convection,CE76JD-M/TL,4.2,21
"MarQ by Flipkart 20 L Retro Solo Microwave Oven  (20AMWSMQR, Red Retro)",https://www.flipkart.com/marq-flipkart-20-l-retro-solo-microwave-oven/p/itmf46b8a8bc1cff?pid=MRCFQEBQYCMXRDXM&lid=LSTMRCFQEBQYCMXRDXMDREC15&marketplace=FLIPKART&store=j9e%2Fm38%2Fo49&srno=b_5_102&otracker=browse&iid=00eaaf08-c24d-4981-98a4-066828159a82.MRCFQEBQYCMXRDXM.SEARCH&ssid=a3sm5w9akg0000001686492761426,MarQ by Flipkart,3999,7199,44,1284,141,Solo,20AMWSMQR,4.3,20
"IFB 20 L Convection Microwave Oven  (20BC4, Black)",https://www.flipkart.com/ifb-20-l-convection-microwave-oven/p/itmef3kdfhkc4zug?pid=MRCEF3KDVTDQP69D&lid=LSTMRCEF3KDVTDQP69DFXI8TQ&marketplace=FLIPKART&store=j9e%2Fm38%2Fo49&srno=b_5_103&otracker=browse&iid=00eaaf08-c24d-4981-98a4-066828159a82.MRCEF3KDVTDQP69D.SEARCH&ssid=a3sm5w9akg0000001686492761426,IFB,11490,14390,20,1454,171,Convection,20BC4,4.3,20
"Panasonic 34 L Convection Microwave Oven  (NN-CD86JBFDG, BLACK)",https://www.flipkart.com/panasonic-34-l-convection-microwave-oven/p/itmd4690fdb8c049?pid=MRCG5PHREYUDGSRY&lid=LSTMRCG5PHREYUDGSRYID9JJV&marketplace=FLIPKART&store=j9e%2Fm38%2Fo49&srno=b_5_105&otracker=browse&iid=00eaaf08-c24d-4981-98a4-066828159a82.MRCG5PHREYUDGSRY.SEARCH&ssid=a3sm5w9akg0000001686492761426,Panasonic,28710,34990,17,4,0,Convection,NN-CD86JBFDG,4.3,34
"Galanz 30 L Solo Microwave Oven  (GLCMS630BKM09, Black)",https://www.flipkart.com/galanz-30-l-solo-microwave-oven/p/itmd7214f79586f8?pid=MRCFRCVPWEQ3SCBY&lid=LSTMRCFRCVPWEQ3SCBYQHKY3S&marketplace=FLIPKART&store=j9e%2Fm38%2Fo49&srno=b_5_106&otracker=browse&iid=00eaaf08-c24d-4981-98a4-066828159a82.MRCFRCVPWEQ3SCBY.SEARCH&ssid=a3sm5w9akg0000001686492761426,Galanz,6999,8690,19,209,29,Solo,GLCMS630BKM09,4.3,30
"LG 28 L Convection Microwave Oven  (MC2887BFUM.DBKQILN, Black)",https://www.flipkart.com/lg-28-l-convection-microwave-oven/p/itm4589dfca0de7d?pid=MRCFYHKGYASYQG3S&lid=LSTMRCFYHKGYASYQG3SXNL4HI&marketplace=FLIPKART&store=j9e%2Fm38%2Fo49&srno=b_5_107&otracker=browse&iid=00eaaf08-c24d-4981-98a4-066828159a82.MRCFYHKGYASYQG3S.SEARCH&ssid=a3sm5w9akg0000001686492761426,LG,15990,20799,23,19,2,Convection,MC2887BFUM.DBKQILN,4.5,28
"Morphy Richards 28 L Convection Microwave Oven  (28DCOX DuoChef, Silver)",https://www.flipkart.com/morphy-richards-28-l-convection-microwave-oven/p/itm9c2177d288700?pid=MRCG2U6TGHHBBCFM&lid=LSTMRCG2U6TGHHBBCFMVYLGSP&marketplace=FLIPKART&store=j9e%2Fm38%2Fo49&srno=b_5_109&otracker=browse&iid=00eaaf08-c24d-4981-98a4-066828159a82.MRCG2U6TGHHBBCFM.SEARCH&ssid=a3sm5w9akg0000001686492761426,Morphy Richards,14470,28995,50,41,2,Convection,28DCOX DuoChef,4.3,28
"MarQ by Flipkart 23 L Low-Cal Fry Convection Microwave Oven  (23AMWCMQB, Black)",https://www.flipkart.com/marq-flipkart-23-l-low-cal-fry-convection-microwave-oven/p/itm0171df9d20722?pid=MRCFQEBQ24GVYZPZ&lid=LSTMRCFQEBQ24GVYZPZFVREPF&marketplace=FLIPKART&store=j9e%2Fm38%2Fo49&srno=b_5_110&otracker=browse&iid=00eaaf08-c24d-4981-98a4-066828159a82.MRCFQEBQ24GVYZPZ.SEARCH&ssid=a3sm5w9akg0000001686492761426,MarQ by Flipkart,6999,10899,35,496,62,Convection,23AMWCMQB,4.2,23
"IFB 20 L Solo Microwave Oven  (20PM-MEC2 (WHITE), WHITE)",https://www.flipkart.com/ifb-20-l-solo-microwave-oven/p/itm53b2a5de7e0ab?pid=MRCGB7A96GQGBZFD&lid=LSTMRCGB7A96GQGBZFDJVBBIF&marketplace=FLIPKART&store=j9e%2Fm38%2Fo49&srno=b_5_111&otracker=browse&iid=00eaaf08-c24d-4981-98a4-066828159a82.MRCGB7A96GQGBZFD.SEARCH&ssid=a3sm5w9akg0000001686492761426,IFB,6119,7590,19,25,0,Solo,20PM-MEC2 (WHITE),4.6,20
"Godrej 23 L Convection Microwave Oven  (GME 723 CF3 PM Red Daisy, Black)",https://www.flipkart.com/godrej-23-l-convection-microwave-oven/p/itma80f1d1925c09?pid=MRCG5VFE7KYSVZTA&lid=LSTMRCG5VFE7KYSVZTANQJ4F1&marketplace=FLIPKART&store=j9e%2Fm38%2Fo49&srno=b_5_114&otracker=browse&iid=00eaaf08-c24d-4981-98a4-066828159a82.MRCG5VFE7KYSVZTA.SEARCH&ssid=a3sm5w9akg0000001686492761426,Godrej,11389,17490,34,5,1,Convection,GME 723 CF3 PM Red Daisy,4.6,23
"BAJAJ 17 L Solo Microwave Oven  (1701 MT DLX, 17L Solo Microwave Oven Black, BLACK)",https://www.flipkart.com/bajaj-17-l-solo-microwave-oven/p/itm155c7246d5e4d?pid=MRCG6YG9GPSCXET8&lid=LSTMRCG6YG9GPSCXET8GWMZFZ&marketplace=FLIPKART&store=j9e%2Fm38%2Fo49&srno=b_5_115&otracker=browse&iid=00eaaf08-c24d-4981-98a4-066828159a82.MRCG6YG9GPSCXET8.SEARCH&ssid=a3sm5w9akg0000001686492761426,BAJAJ,6000,8000,25,7,1,Solo,"1701 MT DLX, 17L Solo Microwave Oven Black",4.7,17
"Haier 20 L Convection Microwave Oven  (HIL2001CSPH, Silver)",https://www.flipkart.com/haier-20-l-convection-microwave-oven/p/itmer9yvvtpfefzn?pid=MRCER9YVNETHCFFX&lid=LSTMRCER9YVNETHCFFX5XBACJ&marketplace=FLIPKART&store=j9e%2Fm38%2Fo49&srno=b_5_117&otracker=browse&iid=00eaaf08-c24d-4981-98a4-066828159a82.MRCER9YVNETHCFFX.SEARCH&ssid=a3sm5w9akg0000001686492761426,Haier,10749,12000,10,270,43,Convection,HIL2001CSPH,4.2,20
"SAMSUNG 21 L Convection Microwave Oven  (CE73JD-B, Full Black)",https://www.flipkart.com/samsung-21-l-convection-microwave-oven/p/itm43671b9edbcf3?pid=MRCDWBZXJFWEP22E&lid=LSTMRCDWBZXJFWEP22E7CBUYU&marketplace=FLIPKART&store=j9e%2Fm38%2Fo49&srno=b_5_118&otracker=browse&iid=00eaaf08-c24d-4981-98a4-066828159a82.MRCDWBZXJFWEP22E.SEARCH&ssid=a3sm5w9akg0000001686492761426,SAMSUNG,10999,11050,,6786,755,Convection,CE73JD-B,4.4,21
"Godrej 20 L Convection Microwave Oven  (GME 720 CP2 QZ Black, GREEN)",https://www.flipkart.com/godrej-20-l-convection-microwave-oven/p/itmac863640d6708?pid=MRCG5UZVRCY35CSR&lid=LSTMRCG5UZVRCY35CSRLS3FXK&marketplace=FLIPKART&store=j9e%2Fm38%2Fo49&srno=b_5_119&otracker=browse&iid=00eaaf08-c24d-4981-98a4-066828159a82.MRCG5UZVRCY35CSR.SEARCH&ssid=a3sm5w9akg0000001686492761426,Godrej,10469,14940,29,,,Convection,GME 720 CP2 QZ Black,3.8,20
"Singer 20 L Solo Microwave Oven  (Maxiwave 20 S Solo Microwave Oven, 20 Litre, White)",https://www.flipkart.com/singer-20-l-solo-microwave-oven/p/itm1808c566dbf12?pid=MRCG7B96GRKHMZMH&lid=LSTMRCG7B96GRKHMZMHO9HIME&marketplace=FLIPKART&store=j9e%2Fm38%2Fo49&srno=b_6_121&otracker=browse&iid=99b44e03-5ea6-4899-bf6b-fa878138b76e.MRCG7B96GRKHMZMH.SEARCH&ssid=mht1kjjm400000001686492881455,Singer,5999,8990,33,31,1,Solo,"Maxiwave 20 S Solo Microwave Oven, 20 Litre",4.6,20
"LG 28 L Convection Microwave Oven  (MJEN286UH, Black)",https://www.flipkart.com/lg-28-l-convection-microwave-oven/p/itmd9a7c3c3e8833?pid=MRCG7DG9EDHHUZZF&lid=LSTMRCG7DG9EDHHUZZFYPGURO&marketplace=FLIPKART&store=j9e%2Fm38%2Fo49&srno=b_6_122&otracker=browse&iid=99b44e03-5ea6-4899-bf6b-fa878138b76e.MRCG7DG9EDHHUZZF.SEARCH&ssid=mht1kjjm400000001686492881455,LG,20699,26199,20,28,1,Convection,MJEN286UH,3.8,28
"SAMSUNG 32 L Convection Microwave Oven  (MC32A7056QT/TL, Black)",https://www.flipkart.com/samsung-32-l-convection-microwave-oven/p/itm9a7bc689399fe?pid=MRCGJZYUC8JAY4CF&lid=LSTMRCGJZYUC8JAY4CFJSQPYI&marketplace=FLIPKART&store=j9e%2Fm38%2Fo49&srno=b_6_123&otracker=browse&iid=99b44e03-5ea6-4899-bf6b-fa878138b76e.MRCGJZYUC8JAY4CF.SEARCH&ssid=mht1kjjm400000001686492881455,SAMSUNG,22750,34990,34,,,Convection,MC32A7056QT/TL,4.7,32
"SAMSUNG 32 L Convection Microwave Oven  (CE117PC-B3, BLACK)",https://www.flipkart.com/samsung-32-l-convection-microwave-oven/p/itma53ed5af88016?pid=MRCGJ2HRSTEPYTXG&lid=LSTMRCGJ2HRSTEPYTXGUVK2JC&marketplace=FLIPKART&store=j9e%2Fm38%2Fo49&srno=b_6_125&otracker=browse&iid=99b44e03-5ea6-4899-bf6b-fa878138b76e.MRCGJ2HRSTEPYTXG.SEARCH&ssid=mht1kjjm400000001686492881455,SAMSUNG,17250,20050,13,,,Convection,CE117PC-B3,3.0,32
"Panasonic 20 L Solo Microwave Oven  (NN-SM255WFDG, WHITE)",https://www.flipkart.com/panasonic-20-l-solo-microwave-oven/p/itmexyf3z9fnaxjr?pid=MRCEXYF39PJHGCYA&lid=LSTMRCEXYF39PJHGCYAXEEKCK&marketplace=FLIPKART&store=j9e%2Fm38%2Fo49&srno=b_6_126&otracker=browse&iid=99b44e03-5ea6-4899-bf6b-fa878138b76e.MRCEXYF39PJHGCYA.SEARCH&ssid=mht1kjjm400000001686492881455,Panasonic,6535,6990,6,147,25,Solo,NN-SM255WFDG,4.2,20
"SAMSUNG 23 L Solo Microwave Oven  (MS23A3513AK/TL, Black)",https://www.flipkart.com/samsung-23-l-solo-microwave-oven/p/itme4af5ac6bc27c?pid=MRCGJZYUGMAKSKMH&lid=LSTMRCGJZYUGMAKSKMHNTSSMS&marketplace=FLIPKART&store=j9e%2Fm38%2Fo49&srno=b_6_127&otracker=browse&iid=99b44e03-5ea6-4899-bf6b-fa878138b76e.MRCGJZYUGMAKSKMH.SEARCH&ssid=mht1kjjm400000001686492881455,SAMSUNG,16990,,,,,Solo,MS23A3513AK/TL,,23
"BAJAJ 20 L Convection & Grill Microwave Oven  (2005 ETB, WHITE)",https://www.flipkart.com/bajaj-20-l-convection-grill-microwave-oven/p/itm2dae2270e4bcb?pid=MRCG89Z6RG4GSUSJ&lid=LSTMRCG89Z6RG4GSUSJG6IXZC&marketplace=FLIPKART&store=j9e%2Fm38%2Fo49&srno=b_6_129&otracker=browse&iid=99b44e03-5ea6-4899-bf6b-fa878138b76e.MRCG89Z6RG4GSUSJ.SEARCH&ssid=mht1kjjm400000001686492881455,BAJAJ,9499,10850,12,4,0,Convection & Grill,2005 ETB,2.8,20
"SAMSUNG 28 L Convection Microwave Oven  (MC28H5025VS, Silver)",https://www.flipkart.com/samsung-28-l-convection-microwave-oven/p/itmf0853d8d62408?pid=MRCEEZW9YJ84FB8W&lid=LSTMRCEEZW9YJ84FB8WRY70I0&marketplace=FLIPKART&store=j9e%2Fm38%2Fo49&srno=b_6_130&otracker=browse&iid=99b44e03-5ea6-4899-bf6b-fa878138b76e.MRCEEZW9YJ84FB8W.SEARCH&ssid=mht1kjjm400000001686492881455,SAMSUNG,14690,15950,7,246,33,Convection,MC28H5025VS,4.3,28
"Godrej 25 L Convection Microwave Oven  (GME 725 CF1 PZ, Cherry Blossom)",https://www.flipkart.com/godrej-25-l-convection-microwave-oven/p/itmezyx7jzmjuyr9?pid=MRCEZYX67AWZBFHZ&lid=LSTMRCEZYX67AWZBFHZS9OIIJ&marketplace=FLIPKART&store=j9e%2Fm38%2Fo49&srno=b_6_131&otracker=browse&iid=99b44e03-5ea6-4899-bf6b-fa878138b76e.MRCEZYX67AWZBFHZ.SEARCH&ssid=mht1kjjm400000001686492881455,Godrej,14500,,,352,55,Convection,GME 725 CF1 PZ,4.4,25
"LG 32 L Charcoal Convection Microwave Oven  (MJ3286BRUS, Black)",https://www.flipkart.com/lg-32-l-charcoal-convection-microwave-oven/p/itmexbt4bnchg3dq?pid=MRCEXBT4FHH23CBF&lid=LSTMRCEXBT4FHH23CBFXVLA77&marketplace=FLIPKART&store=j9e%2Fm38%2Fo49&srno=b_6_133&otracker=browse&iid=99b44e03-5ea6-4899-bf6b-fa878138b76e.MRCEXBT4FHH23CBF.SEARCH&ssid=mht1kjjm400000001686492881455,LG,23299,31730,26,360,47,Convection,MJ3286BRUS,4.5,32
"Panasonic 27 L Convection Microwave Oven  (NN-CT64MBFDG, Black Mirror)",https://www.flipkart.com/panasonic-27-l-convection-microwave-oven/p/itmdf9e800548f54?pid=MRCGGHH8JMMUGQJ9&lid=LSTMRCGGHH8JMMUGQJ9ZKUA4D&marketplace=FLIPKART&store=j9e%2Fm38%2Fo49&srno=b_6_134&otracker=browse&iid=99b44e03-5ea6-4899-bf6b-fa878138b76e.MRCGGHH8JMMUGQJ9.SEARCH&ssid=mht1kjjm400000001686492881455,Panasonic,14700,18190,19,,,Convection,NN-CT64MBFDG,4.3,27
"Haier 23 L Convection Microwave Oven  (HIL2302CRSH:IN/MWO/DL, Black)",https://www.flipkart.com/haier-23-l-convection-microwave-oven/p/itme0a722d720c65?pid=MRCGHHWFJ7DSUZ8Y&lid=LSTMRCGHHWFJ7DSUZ8YKP4S3A&marketplace=FLIPKART&store=j9e%2Fm38%2Fo49&srno=b_6_135&otracker=browse&iid=99b44e03-5ea6-4899-bf6b-fa878138b76e.MRCGHHWFJ7DSUZ8Y.SEARCH&ssid=mht1kjjm400000001686492881455,Haier,12999,17000,23,,,Convection,HIL2302CRSH:IN/MWO/DL,4.4,23
"SAMSUNG 32 L Convection Microwave Oven  (MC32K7056QT/TL, Black)",https://www.flipkart.com/samsung-32-l-convection-microwave-oven/p/itmf64jskk6yvwdd?pid=MRCF64JSECGP934R&lid=LSTMRCF64JSECGP934R3DA0OC&marketplace=FLIPKART&store=j9e%2Fm38%2Fo49&srno=b_6_137&otracker=browse&iid=99b44e03-5ea6-4899-bf6b-fa878138b76e.MRCF64JSECGP934R.SEARCH&ssid=mht1kjjm400000001686492881455,SAMSUNG,21800,26250,16,27,3,Convection,MC32K7056QT/TL,4.6,32
"Panasonic 27 L Convection Microwave Oven  (NN-CT644MFDG, Black)",https://www.flipkart.com/panasonic-27-l-convection-microwave-oven/p/itme26mkyc8gffss?pid=MRCE26MJDC3AFGZF&lid=LSTMRCE26MJDC3AFGZFI37EDA&marketplace=FLIPKART&store=j9e%2Fm38%2Fo49&srno=b_6_138&otracker=browse&iid=99b44e03-5ea6-4899-bf6b-fa878138b76e.MRCE26MJDC3AFGZF.SEARCH&ssid=mht1kjjm400000001686492881455,Panasonic,15335,17490,12,238,37,Convection,NN-CT644MFDG,4.5,27
"Haier 30 L Convection Microwave Oven  (HIL3001CBSH:IN, Black)",https://www.flipkart.com/haier-30-l-convection-microwave-oven/p/itm679d91eb736a2?pid=MRCGHHWG57TVDF65&lid=LSTMRCGHHWG57TVDF65GZGWIF&marketplace=FLIPKART&store=j9e%2Fm38%2Fo49&srno=b_6_139&otracker=browse&iid=99b44e03-5ea6-4899-bf6b-fa878138b76e.MRCGHHWG57TVDF65.SEARCH&ssid=mht1kjjm400000001686492881455,Haier,17900,24590,27,,,Convection,HIL3001CBSH:IN,3.6,30
"SAMSUNG 32 L Convection Microwave Oven  (MC32A7056CK/TL, Black)",https://www.flipkart.com/samsung-32-l-convection-microwave-oven/p/itme0f8fee56cf5a?pid=MRCGJZYU8KQFGAC4&lid=LSTMRCGJZYU8KQFGAC4REQJUE&marketplace=FLIPKART&store=j9e%2Fm38%2Fo49&srno=b_6_141&otracker=browse&iid=99b44e03-5ea6-4899-bf6b-fa878138b76e.MRCGJZYU8KQFGAC4.SEARCH&ssid=mht1kjjm400000001686492881455,SAMSUNG,22570,31990,29,,,Convection,MC32A7056CK/TL,4.3,32
"ONIDA 23 L Convection Microwave Oven  (MO23CJS11BN + Starter Kit, Black)",https://www.flipkart.com/onida-23-l-convection-microwave-oven/p/itm216ac3064fa59?pid=MRCGMPTGED6YYXFZ&lid=LSTMRCGMPTGED6YYXFZGJNYO4&marketplace=FLIPKART&store=j9e%2Fm38%2Fo49&srno=b_6_142&otracker=browse&iid=99b44e03-5ea6-4899-bf6b-fa878138b76e.MRCGMPTGED6YYXFZ.SEARCH&ssid=mht1kjjm400000001686492881455,ONIDA,10999,12360,11,3,1,Convection,MO23CJS11BN + Starter Kit,4.0,23
"Panasonic 27 L Convection Microwave Oven  (NN-CT64HBFDG, Black Mirror)",https://www.flipkart.com/panasonic-27-l-convection-microwave-oven/p/itmffe9zvuk2zraa?pid=MRCFFE9ZYRTZEUCQ&lid=LSTMRCFFE9ZYRTZEUCQCYNIEW&marketplace=FLIPKART&store=j9e%2Fm38%2Fo49&srno=b_6_143&otracker=browse&iid=99b44e03-5ea6-4899-bf6b-fa878138b76e.MRCFFE9ZYRTZEUCQ.SEARCH&ssid=mht1kjjm400000001686492881455,Panasonic,16569,17999,7,12,2,Convection,NN-CT64HBFDG,4.3,27
"SAMSUNG 23 L Baker Series Grill Microwave Oven with Crusty Plate  (MG23T5012CP/TL, Pink)",https://www.flipkart.com/samsung-23-l-baker-series-grill-microwave-oven-crusty-plate/p/itm500e924a6a659?pid=MRCFY9G7HNYVZHRQ&lid=LSTMRCFY9G7HNYVZHRQ84T7FS&marketplace=FLIPKART&store=j9e%2Fm38%2Fo49&srno=b_7_145&otracker=browse&iid=d7567781-1dfe-4253-9980-a5ad7ace232a.MRCFY9G7HNYVZHRQ.SEARCH&ssid=0k8tbtusu80000001686493126851,SAMSUNG,11190,13490,17,222,14,Grill,MG23T5012CP/TL,3.9,23
"LG 32 L Convection Microwave Oven  (MJEN326PK, Black)",https://www.flipkart.com/lg-32-l-convection-microwave-oven/p/itm852c90e25fcd3?pid=MRCFMKHWH29U4FSM&lid=LSTMRCFMKHWH29U4FSMXNN99X&marketplace=FLIPKART&store=j9e%2Fm38%2Fo49&srno=b_7_146&otracker=browse&iid=d7567781-1dfe-4253-9980-a5ad7ace232a.MRCFMKHWH29U4FSM.SEARCH&ssid=0k8tbtusu80000001686493126851,LG,25590,31000,17,203,25,Convection,MJEN326PK,4.4,32
"Panasonic 20 L Solo Microwave Oven  (NN-ST266BFDG, BLACK)",https://www.flipkart.com/panasonic-20-l-solo-microwave-oven/p/itmexycwzrsfgf2p?pid=MRCEXYCWRBVCYQZG&lid=LSTMRCEXYCWRBVCYQZGIIL0RO&marketplace=FLIPKART&store=j9e%2Fm38%2Fo49&srno=b_7_147&otracker=browse&iid=d7567781-1dfe-4253-9980-a5ad7ace232a.MRCEXYCWRBVCYQZG.SEARCH&ssid=0k8tbtusu80000001686493126851,Panasonic,7488,8000,6,571,58,Solo,NN-ST266BFDG,4.3,20
"Kenstar 20 L Convection Microwave Oven  (M/O KJ20CBG101, Black)",https://www.flipkart.com/kenstar-20-l-convection-microwave-oven/p/itmdwmvzugbfv9uv?pid=MRCDWK8TWDAQ3FWG&lid=LSTMRCDWK8TWDAQ3FWG60QSH4&marketplace=FLIPKART&store=j9e%2Fm38%2Fo49&srno=b_7_149&otracker=browse&iid=d7567781-1dfe-4253-9980-a5ad7ace232a.MRCDWK8TWDAQ3FWG.SEARCH&ssid=0k8tbtusu80000001686493126851,Kenstar,9990,,,285,51,Convection,M/O KJ20CBG101,4.0,20
"LG 32 L With Twister Smog Handle Convection Microwave Oven  (MJEN326TL, Black)",https://www.flipkart.com/lg-32-l-twister-smog-handle-convection-microwave-oven/p/itm0f2bd423252f9?pid=MRCFKRJ9NHKZVKSN&lid=LSTMRCFKRJ9NHKZVKSN6WISV8&marketplace=FLIPKART&store=j9e%2Fm38%2Fo49&srno=b_7_150&otracker=browse&iid=d7567781-1dfe-4253-9980-a5ad7ace232a.MRCFKRJ9NHKZVKSN.SEARCH&ssid=0k8tbtusu80000001686493126851,LG,18999,27190,30,38,4,Convection,MJEN326TL,4.1,32
"Godrej 30 L Convection & Grill Microwave Oven  (GME 730 CR1 PZ, Wine Lily)",https://www.flipkart.com/godrej-30-l-convection-grill-microwave-oven/p/itmf8r27hbcfgpcx?pid=MRCFMZ5DXGBKZBTG&lid=LSTMRCFMZ5DXGBKZBTG0ZJQFI&marketplace=FLIPKART&store=j9e%2Fm38%2Fo49&srno=b_7_151&otracker=browse&iid=d7567781-1dfe-4253-9980-a5ad7ace232a.MRCFMZ5DXGBKZBTG.SEARCH&ssid=0k8tbtusu80000001686493126851,Godrej,15289,19833,22,152,14,Convection & Grill,GME 730 CR1 PZ,4.3,30
"LG 28 L Charcoal Convection Microwave Oven  (MJ2886BWUM, Floral)",https://www.flipkart.com/lg-28-l-charcoal-convection-microwave-oven/p/itmf8cmnwxffgckz?pid=MRCF8CMNTMMK4FVW&lid=LSTMRCF8CMNTMMK4FVWFIBR5S&marketplace=FLIPKART&store=j9e%2Fm38%2Fo49&srno=b_7_153&otracker=browse&iid=d7567781-1dfe-4253-9980-a5ad7ace232a.MRCF8CMNTMMK4FVW.SEARCH&ssid=0k8tbtusu80000001686493126851,LG,18490,22100,16,174,18,Convection,MJ2886BWUM,4.4,28
"IFB 20 L Convection Microwave Oven  (20BC4 With Touch Key Pad 1200 Watt, Black)",https://www.flipkart.com/ifb-20-l-convection-microwave-oven/p/itmb09938773a0e6?pid=MRCGJQ7HZAAKQJBZ&lid=LSTMRCGJQ7HZAAKQJBZOPESNV&marketplace=FLIPKART&store=j9e%2Fm38%2Fo49&srno=b_7_154&otracker=browse&iid=d7567781-1dfe-4253-9980-a5ad7ace232a.MRCGJQ7HZAAKQJBZ.SEARCH&ssid=0k8tbtusu80000001686493126851,IFB,12300,15999,23,,,Convection,20BC4 With Touch Key Pad 1200 Watt,3.6,20
"Panasonic 23 L Convection Microwave Oven  (NN-CT35LBFDG, Black Floral)",https://www.flipkart.com/panasonic-23-l-convection-microwave-oven/p/itmf0d2f578132c3?pid=MRCG2947PT6S7MFK&lid=LSTMRCG2947PT6S7MFKU7G42O&marketplace=FLIPKART&store=j9e%2Fm38%2Fo49&srno=b_7_155&otracker=browse&iid=d7567781-1dfe-4253-9980-a5ad7ace232a.MRCG2947PT6S7MFK.SEARCH&ssid=0k8tbtusu80000001686493126851,Panasonic,14385,15290,5,4,0,Convection,NN-CT35LBFDG,5.0,23
"Haier 23 L Convection Microwave Oven  (HIL2301CSSH, Silver)",https://www.flipkart.com/haier-23-l-convection-microwave-oven/p/itmer9yptjsyznhr?pid=MRCER9YPWQYUGPXH&lid=LSTMRCER9YPWQYUGPXHPHQ9HO&marketplace=FLIPKART&store=j9e%2Fm38%2Fo49&srno=b_7_157&otracker=browse&iid=d7567781-1dfe-4253-9980-a5ad7ace232a.MRCER9YPWQYUGPXH.SEARCH&ssid=0k8tbtusu80000001686493126851,Haier,13034,13500,3,11,0,Convection,HIL2301CSSH,4.3,23
"LG 28 L Convection Microwave Oven  (MC2846BR, Black)",https://www.flipkart.com/lg-28-l-convection-microwave-oven/p/itm06ac4946cb1bb?pid=MRCG666Q52KMFZ32&lid=LSTMRCG666Q52KMFZ32YKMOSJ&marketplace=FLIPKART&store=j9e%2Fm38%2Fo49&srno=b_7_158&otracker=browse&iid=d7567781-1dfe-4253-9980-a5ad7ace232a.MRCG666Q52KMFZ32.SEARCH&ssid=0k8tbtusu80000001686493126851,LG,15593,18000,13,221,18,Convection,MC2846BR,4.4,28
"Godrej 20 L Convection Microwave Oven  (GME 720 CF2 QZ GOLDEN RIM, GOLDEN RIM)",https://www.flipkart.com/godrej-20-l-convection-microwave-oven/p/itmd1858dcc09614?pid=MRCGHPV6S9BZEMCA&lid=LSTMRCGHPV6S9BZEMCAFGNDUU&marketplace=FLIPKART&store=j9e%2Fm38%2Fo49&srno=b_7_159&otracker=browse&iid=d7567781-1dfe-4253-9980-a5ad7ace232a.MRCGHPV6S9BZEMCA.SEARCH&ssid=0k8tbtusu80000001686493126851,Godrej,12810,17800,28,,,Convection,GME 720 CF2 QZ GOLDEN RIM,4.3,20
"LG 42 L Inverter Solo Microwave Oven  (MS4295DIS, Black)",https://www.flipkart.com/lg-42-l-inverter-solo-microwave-oven/p/itmf3mhku84jpttv?pid=MRCF2UQHZJKNWZWM&lid=LSTMRCF2UQHZJKNWZWMLG28GS&marketplace=FLIPKART&store=j9e%2Fm38%2Fo49&srno=b_7_161&otracker=browse&iid=d7567781-1dfe-4253-9980-a5ad7ace232a.MRCF2UQHZJKNWZWM.SEARCH&ssid=0k8tbtusu80000001686493126851,LG,15690,16000,1,564,66,Solo,MS4295DIS,4.4,42
"LG 21 L Convection Microwave Oven  (MC2146BL, Black)",https://www.flipkart.com/lg-21-l-convection-microwave-oven/p/itmegz56cuwdkzdz?pid=MRCEGZ56RBZZRHCH&lid=LSTMRCEGZ56RBZZRHCHAHOHXB&marketplace=FLIPKART&store=j9e%2Fm38%2Fo49&srno=b_7_162&otracker=browse&iid=d7567781-1dfe-4253-9980-a5ad7ace232a.MRCEGZ56RBZZRHCH.SEARCH&ssid=0k8tbtusu80000001686493126851,LG,11559,12059,4,667,75,Convection,MC2146BL,4.3,21
"SAMSUNG 23 L Grill Microwave Oven  (MG23A3515AK, BLACK)",https://www.flipkart.com/samsung-23-l-grill-microwave-oven/p/itm72b04f1b19524?pid=MRCGAEKADP2QKWDH&lid=LSTMRCGAEKADP2QKWDH7AZE51&marketplace=FLIPKART&store=j9e%2Fm38%2Fo49&srno=b_7_163&otracker=browse&iid=d7567781-1dfe-4253-9980-a5ad7ace232a.MRCGAEKADP2QKWDH.SEARCH&ssid=0k8tbtusu80000001686493126851,SAMSUNG,10440,11600,10,121,5,Grill,MG23A3515AK,4.4,23
"Haier 28 L Convection Microwave Oven  (HIL2801RBSJ, Silver)",https://www.flipkart.com/haier-28-l-convection-microwave-oven/p/itme26mkw7zfskyg?pid=MRCE26MJRZTG3YUM&lid=LSTMRCE26MJRZTG3YUM9VWT97&marketplace=FLIPKART&store=j9e%2Fm38%2Fo49&srno=b_7_165&otracker=browse&iid=d7567781-1dfe-4253-9980-a5ad7ace232a.MRCE26MJRZTG3YUM.SEARCH&ssid=0k8tbtusu80000001686493126851,Haier,14999,15250,1,85,16,Convection,HIL2801RBSJ,4.0,28
"Kenstar 25 L Convection Microwave Oven  (KJ25CSL101, Black)",https://www.flipkart.com/kenstar-25-l-convection-microwave-oven/p/itmexbt4s9scncmf?pid=MRCEXBT4KXSQHG6J&lid=LSTMRCEXBT4KXSQHG6JFYNHFA&marketplace=FLIPKART&store=j9e%2Fm38%2Fo49&srno=b_7_166&otracker=browse&iid=d7567781-1dfe-4253-9980-a5ad7ace232a.MRCEXBT4KXSQHG6J.SEARCH&ssid=0k8tbtusu80000001686493126851,Kenstar,11399,16990,32,,,Convection,KJ25CSL101,3.4,25
"Panasonic 30 L Convection Microwave Oven  (NN-CT68MBFDG, BLACK AND GREY)",https://www.flipkart.com/panasonic-30-l-convection-microwave-oven/p/itmb037d82290faa?pid=MRCGMG39HDRF3FTN&lid=LSTMRCGMG39HDRF3FTNSH7RVI&marketplace=FLIPKART&store=j9e%2Fm38%2Fo49&srno=b_7_167&otracker=browse&iid=d7567781-1dfe-4253-9980-a5ad7ace232a.MRCGMG39HDRF3FTN.SEARCH&ssid=0k8tbtusu80000001686493126851,Panasonic,21599,25490,15,,,Convection,NN-CT68MBFDG,3.4,30
"Kaff 73 L Built-in Convection Microwave Oven  (KOV 73 MRFT, Black)",https://www.flipkart.com/kaff-73-l-built-in-convection-microwave-oven/p/itmf3f917ec273cd?pid=MRCFMZ5DZJXC6KPH&lid=LSTMRCFMZ5DZJXC6KPHYOUQBI&marketplace=FLIPKART&store=j9e%2Fm38%2Fo49&srno=b_8_169&otracker=browse&iid=3686dcee-7e47-493a-9f69-b46a647148cf.MRCFMZ5DZJXC6KPH.SEARCH&ssid=kb9xhs5p1c0000001686493293886,Kaff,39790,43990,9,3,0,Convection,KOV 73 MRFT,3.3,73
"Kaff 70 L Built-in Convection & Grill Microwave Oven  (MLJ E6, Black)",https://www.flipkart.com/kaff-70-l-built-in-convection-grill-microwave-oven/p/itm39b87c9134193?pid=MRCFTQKTRNMYGWPN&lid=LSTMRCFTQKTRNMYGWPNGNDTSZ&marketplace=FLIPKART&store=j9e%2Fm38%2Fo49&srno=b_8_170&otracker=browse&iid=3686dcee-7e47-493a-9f69-b46a647148cf.MRCFTQKTRNMYGWPN.SEARCH&ssid=kb9xhs5p1c0000001686493293886,Kaff,55990,63990,12,,,Convection & Grill,MLJ E6,2.8,70
"LG 32 L Convection Microwave Oven  (MJEN326UL, BLACK)",https://www.flipkart.com/lg-32-l-convection-microwave-oven/p/itm220d0df5f033b?pid=MRCG93Q6GKEUSSEM&lid=LSTMRCG93Q6GKEUSSEMXVKZOU&marketplace=FLIPKART&store=j9e%2Fm38%2Fo49&srno=b_8_171&otracker=browse&iid=3686dcee-7e47-493a-9f69-b46a647148cf.MRCG93Q6GKEUSSEM.SEARCH&ssid=kb9xhs5p1c0000001686493293886,LG,23029,29999,23,15,0,Convection,MJEN326UL,4.2,32
"Kaff 28 L Built-in Convection & Grill Microwave Oven  (KMW HN 6, Black)",https://www.flipkart.com/kaff-28-l-built-in-convection-grill-microwave-oven/p/itmd42592ab6c527?pid=MRCFMZ5DBNYXRCG9&lid=LSTMRCFMZ5DBNYXRCG9QESBLT&marketplace=FLIPKART&store=j9e%2Fm38%2Fo49&srno=b_8_173&otracker=browse&iid=3686dcee-7e47-493a-9f69-b46a647148cf.MRCFMZ5DBNYXRCG9.SEARCH&ssid=kb9xhs5p1c0000001686493293886,Kaff,34990,47990,27,9,2,Convection & Grill,KMW HN 6,4.4,28
"Kenstar 20 L Solo Microwave Oven  (KM20SSLN, BLACK)",https://www.flipkart.com/kenstar-20-l-solo-microwave-oven/p/itme79a6afcghae5?pid=MRCFJHUMDN3PBEQX&lid=LSTMRCFJHUMDN3PBEQXCXPAUH&marketplace=FLIPKART&store=j9e%2Fm38%2Fo49&srno=b_8_174&otracker=browse&iid=3686dcee-7e47-493a-9f69-b46a647148cf.MRCFJHUMDN3PBEQX.SEARCH&ssid=kb9xhs5p1c0000001686493293886,Kenstar,6499,8499,23,213,26,Solo,KM20SSLN,4.3,20
"LG 28 L Charcoal Convection Microwave Oven  (MJ2886BFUM, Black)",https://www.flipkart.com/lg-28-l-charcoal-convection-microwave-oven/p/itmf6kfngzgntmjy?pid=MRCF6KFNZWDN9YJ6&lid=LSTMRCF6KFNZWDN9YJ6HHQMNU&marketplace=FLIPKART&store=j9e%2Fm38%2Fo49&srno=b_8_175&otracker=browse&iid=3686dcee-7e47-493a-9f69-b46a647148cf.MRCF6KFNZWDN9YJ6.SEARCH&ssid=kb9xhs5p1c0000001686493293886,LG,19490,19990,2,1040,91,Convection,MJ2886BFUM,4.5,28
Whirlpool 20 L Solo Microwave Oven (MAGICOOK PRO 20SE BLACK),https://www.amazon.in/Whirlpool-MAGICOOK-PRO-20SE-BLACK/dp/B07YWYGJYD/ref=sr_1_3?qid=1686464087&s=kitchen&sr=1-3,Whirlpool,5920,8755,32,1564,,Solo,MAGICOOK PRO 20SE BLACK,4.1,20
"Panasonic 20L Solo Microwave Oven (NN-ST26JMFDG, Silver, 51 Auto Menus)",https://www.amazon.in/Panasonic-Microwave-NN-ST26JMFDG-Silver-Menus/dp/B08CL8XF75/ref=sr_1_4?qid=1686464087&s=kitchen&sr=1-4,Panasonic,5890,7490,21,4333,,Solo,NN-ST26JMFDG,4.4,20
"IFB 25 L Solo Microwave Oven (25PM2S, Silver)",https://www.amazon.in/IFB-Microwave-25PM2S-IFBJ0-Silver/dp/B085V1JD27/ref=sr_1_5?qid=1686464087&s=kitchen&sr=1-5,IFB,,,,892,,Solo,25PM2S,4.3,25
"Samsung 28 L Convection Microwave Oven (MC28A5013AK/TL, Black, Curd Anytime)",https://www.amazon.in/Samsung-Convection-Microwave-MC28A5013AK-TL/dp/B09XBMXQ34/ref=sr_1_6?qid=1686464087&s=kitchen&sr=1-6,Samsung,11590,15590,26,3652,,"Grill, Microwave, Convection",MC28A5013AK/TL,4.3,28
"Samsung 28 L Convection Microwave Oven (CE1041DSB3/TL, Black, SlimFry)",https://www.amazon.in/Samsung-Convection-Microwave-CE1041DSB3-TL/dp/B09VH1Q7CM/ref=sr_1_7?qid=1686464087&s=kitchen&sr=1-7,Samsung,12390,16990,27,7751,,"Grill, Microwave, Convection",CE1041DSB3/TL,4.4,28
"Panasonic 20L Solo Microwave Oven (NN-SM25JBFDG,Black)",https://www.amazon.in/Panasonic-Solo-Microwave-NN-SM25JBFDG-Black/dp/B08DYCWC9R/ref=sr_1_8?qid=1686464087&s=kitchen&sr=1-8,Panasonic,5490,6790,19,2565,,Solo,NN-SM25JBFDG,4.4,20
IFB 20 Litre Solo Microwave Oven (20PM-MEC2) White,https://www.amazon.in/IFB-Litre-Microwave-20PM-MEC2-White/dp/B09HMGHFB6/ref=sr_1_9?qid=1686464087&s=kitchen&sr=1-9,IFB,6090,7190,15,3704,,Convection,20PM-MEC2,4.3,20
"IFB 30 L Convection Microwave Oven (30BRC2, Black, With Starter Kit)",https://www.amazon.in/IFB-Convection-Microwave-30BRC2-Black/dp/B016ZLKJSU/ref=sr_1_10?qid=1686464087&s=kitchen&sr=1-10,IFB,14990,19390,23,5308,,Convection,30BRC2,4.3,30
"Bajaj 1701 MT 17L Solo Microwave Oven, White",https://www.amazon.in/Bajaj-Microwave-1701-MT-White/dp/B00F15AFPY/ref=sr_1_11?qid=1686464087&s=kitchen&sr=1-11,Bajaj,4899,6299,22,5272,,Solo,1701 MT,4.3,17
"LG 20 L Solo Microwave Oven (MS2043DB, Black)",https://www.amazon.in/LG-Solo-Microwave-MS2043DB-Black/dp/B00M52J2QY/ref=sr_1_12?qid=1686464087&s=kitchen&sr=1-12,LG,,,,2093,,Solo,MS2043DB,4.3,20
"LG 28 L Convection Microwave Oven (MC2846BV, Black)",https://www.amazon.in/LG-Convection-Microwave-MC2846BV-Black/dp/B06XKC8S71/ref=sr_1_13?qid=1686464087&s=kitchen&sr=1-13,LG,11990,16999,29,2574,,Convection,MC2846BV,4.4,28
"Panasonic 23L Convection Microwave Oven(NN-CT353BFDG,Black Mirror, 360 Heat Wrap, Magic Grill)",https://www.amazon.in/Panasonic-Convection-Microwave-NN-CT353BFDG-Mirror/dp/B00KPSSPZY/ref=sr_1_14?qid=1686464087&s=kitchen&sr=1-14,Panasonic,10290,14990,31,1428,,Convection,NN-CT353BFDG,4.5,23
"IFB 20 L Convection Microwave Oven (20SC2, Metallic Silver, With Starter Kit)",https://www.amazon.in/IFB-Convection-Microwave-20SC2-Metallic/dp/B00A7PGI18/ref=sr_1_15?qid=1686464087&s=kitchen&sr=1-15,IFB,10690,14490,26,4883,,Convection,20SC2,4.3,20
"Morphy Richards 30 MCGR Deluxe 30L Convection Microwave Oven with Motorised Rotisserie, 200 Autocook Menus and Child Lock Feature, Black",https://www.amazon.in/Morphy-Richards-Convection-Microwave-30MCGR/dp/B008P7J5X8/ref=sr_1_16?qid=1686464087&s=kitchen&sr=1-16,Morphy Richards,10990,19595,44,238,,Convection,30MCGR,4.2,30
"IFB 20 Litre Solo Microwave Oven (20PM-MEC2B, Mechanical Knob,Black)",https://www.amazon.in/IFB-Litre-Microwave-20PM-MEC2B-Mechanical/dp/B09SF79M6Q/ref=sr_1_17?qid=1686464087&s=kitchen&sr=1-17,IFB,6240,7290,14,138,,,IFB 20PM-MEC2B,4.2,20
"IFB 30 L Convection Microwave Oven (30FRC2, Floral Pattern & Black, With Starter Kit)",https://www.amazon.in/IFB-Convection-Microwave-30FRC2-Pattern/dp/B016XZP3DY/ref=sr_1_18?qid=1686464087&s=kitchen&sr=1-18,IFB,15490,20990,26,2820,,Convection,30FRC2,4.4,30
"IFB 20 L Grill Microwave Oven (20PG4S, Black & Silver, With Starter Kit)",https://www.amazon.in/IFB-Grill-Microwave-20PG4S-Silver/dp/B015AAV3PA/ref=sr_1_19?qid=1686464087&s=kitchen&sr=1-19,IFB,7950,10590,25,499,,Grill,20PG4S,4.2,20
"IFB 30 L Convection Microwave Oven (30BC5, Black, With Starter Kit)",https://www.amazon.in/IFB-Convection-Microwave-30BC5-IFBJ0/dp/B08NQJVWGQ/ref=sr_1_20?qid=1686464087&s=kitchen&sr=1-20,IFB,,,8,202,,Convection,30BC5,4.3,30
"LG 32 L Convection Microwave Oven (MC3286BRUM, Black)",https://www.amazon.in/LG-Convection-Microwave-MC3286BRUM-Black/dp/B01LWE0QJK/ref=sr_1_21?qid=1686464087&s=kitchen&sr=1-21,LG,16999,23999,29,2257,,Convection,MC3286BRUM,4.4,32
"Samsung 32 L Convection Microwave Oven (MC32A7035CT/TL, Neo stainless silver, SlimFry)",https://www.amazon.in/Samsung-Convection-Microwave-MC32A7035CT-TL/dp/B09RB1DDZ2/ref=sr_1_22?qid=1686464087&s=kitchen&sr=1-22,Samsung,16990,20000,15,1614,,Convection,MC32A7035CT/TL,4.4,32
"LG 20 L Grill Microwave Oven (MH2044DB, Black)",https://www.amazon.in/LG-Grill-Microwave-MH2044DB-Black/dp/B00R5QNW8E/ref=sr_1_23?qid=1686464087&s=kitchen&sr=1-23,LG,,,,635,,Grill,MH2044DB.DB1QILN,4.3,20
"LG 32 L All in One Charcoal Convection Microwave Oven (MJEN326PK, Black)",https://www.amazon.in/LG-Charcoal-Convection-Microwave-MJEN326PK/dp/B0816YMD45/ref=sr_1_24?qid=1686464087&s=kitchen&sr=1-24,LG,22990,30990,26,652,,Convection,MJEN326PK,4.2,32
"LG 28 L Convection Microwave Oven (MC2846SL, Silver)",https://www.amazon.in/LG-Convection-Microwave-MC2846SL-Silver/dp/B01JEKO1WY/ref=sr_1_25?qid=1686464087&s=kitchen&sr=1-25,LG,11990,17699,32,1670,,Convection,MC2846SL,4.3,28
"Bajaj MTBX 2016 20L Grill Microwave Oven, Black",https://www.amazon.in/Bajaj-Grill-Microwave-MTBX-2016/dp/B072KZ373J/ref=sr_1_26?qid=1686464087&s=kitchen&sr=1-26,Bajaj,,,,2339,,"Grill, Microwave",MTBX 2016,4.3,20
"LG 28 L Charcoal Convection All In One Microwave Oven (MJEN286UI, Black, Healthy Heart Auto Cook Menu)",https://www.amazon.in/LG-Charcoal-Convection-Microwave-MJEN286UI/dp/B0B4Z2N3V9/ref=sr_1_28?qid=1686465817&s=kitchen&sr=1-28,LG,,,,59,,Convection,MJEN286UI,4.2,28
"LG 21 L Convection Microwave Oven (MC2146BV, Black)",https://www.amazon.in/LG-Convection-Microwave-MC2146BV-Black/dp/B06XK8RY1Q/ref=sr_1_29?qid=1686465817&s=kitchen&sr=1-29,LG,10390,14499,28,899,,Convection,MC2146BV.DBKQILN,4.4,21
"LG 28 L Charcoal Convection Microwave Oven (MJ2887BFUM, Black)",https://www.amazon.in/LG-Charcoal-Convection-Microwave-MJ2887BFUM/dp/B09M7DH9LJ/ref=sr_1_30?qid=1686465817&s=kitchen&sr=1-30,LG,18590,19807,6,2749,,Convection,MJ2887BFUM,4.4,28
"LG 32 L Charcoal Convection Microwave Oven (MJEN326SF, Black)",https://www.amazon.in/LG-Charcoal-Convection-Microwave-MJEN326SF/dp/B07XZ1BW5P/ref=sr_1_31?qid=1686465817&s=kitchen&sr=1-31,LG,,,3,235,,Convection,MJEN326SF,4.4,32
"Voltas Beko 28 L Convection Microwave Oven, 5 power levels (MC28BD, Black)",https://www.amazon.in/Voltas-Beko-Convection-Microwave-MC28BD/dp/B07NHVP6KW/ref=sr_1_32?qid=1686465817&s=kitchen&sr=1-32,Voltas Beko,,,47,20,,Convection,MC28BD,4.2,28
"Haier 25 L Convection Microwave Oven (HIL2501CBSH, HAL2WBlack)",https://www.amazon.in/Haier-Convection-Microwave-HIL2501CBSH-HAL2WBlack/dp/B0861SL97J/ref=sr_1_33?qid=1686465817&s=kitchen&sr=1-33,Haier,12499,18999,34,50,,Convection,HIL2501CBSH,4.3,25
